text,label
Renewal: domain Amazon payment ₹16249,cloud hosting
Paid ₹2282 for Google hosting,cloud hosting
Bought laptop for team ₹157127 from Google,equipment
Electricity bill payment ₹9754,utilities
Instagram ads charged ₹5674 for promotion,marketing
Flight ticket to conference ₹24998,travel
Uber to client office 47923,travel
Paid 41398 for Zoom hosting,cloud hosting
Paid 19165 for Amazon hosting,cloud hosting
Consultant invoice paid 167640,contractors
Uber to client office 40020,travel
Internet broadband recharge Jio 10585,utilities
Ordered office chair from Uber costing ₹13289,office supplies
Monthly subscription Zomato 14458,software
Internet broadband recharge GoDaddy ₹2387,utilities
Uber to client office 28177,travel
Paid 1589 for Facebook ads campaign,marketing
Instagram ads charged ₹9871 for promotion,marketing
Internet broadband recharge Zoom Rs 9164,utilities
Uber to client office ₹7410,travel
Bought pens for 8301 rupees from Dell on 2025-11-18,office supplies
Ola cab fare ₹40009 for commute,travel
Instagram ads charged 109 for promotion on 2025-11-18,marketing
Freelancer payment Zomato ₹63770,contractors
Paid 4735 for Flipkart hosting,cloud hosting
Purchased equipment: A4 paper ream 79483,equipment
Monthly subscription Dell 6637,software
Bought laptop for team ₹74986 from Adobe,equipment
Subscription renewal Google amount ₹217,software
Subscription renewal Flipkart amount ₹14184,software
Uber to client office 14140,travel
Purchased equipment: mouse ₹116708 on 2025-11-18,equipment
Electricity bill payment 6835,utilities
Renewal: domain Amazon payment ₹47924,cloud hosting
Subscription renewal Uber amount 8886,software
Subscription renewal Swiggy amount 7360 on 2025-11-18,software
Bought notebook for 2824 rupees from Flipkart,office supplies
Ordered keyboard from GoDaddy costing 135,office supplies
Internet broadband recharge Ola 11512,utilities
Purchased equipment: notebook ₹87780 on 2025-11-18,equipment
Ordered monitor from Dell costing ₹1036,office supplies
Bought laptop for team ₹143124 from GoDaddy,equipment
Paid ₹26661 for Microsoft hosting,cloud hosting
Subscription renewal Google amount 751,software
Bought laptop for team 63545 from Airtel,equipment
Paid ₹7591 for Facebook ads campaign,marketing
Paid 40908 for Amazon hosting on 2025-11-18,cloud hosting
Monthly subscription Zoom 2270,software
Freelancer payment Ola 115867,contractors
Bought laptop for team 88480 from Amazon,equipment
Uber to client office 48755,travel
Flight ticket to conference 33222,travel
Paid ₹18332 for Microsoft hosting,cloud hosting
Paid 2747 for Facebook ads campaign,marketing
Bought printer ink for 14568 rupees from Flipkart on 2025-11-18,office supplies
Freelancer payment Google Rs 39821,contractors
Ordered monitor from Zomato costing 3541,office supplies
Electricity bill payment 3978,utilities
Electricity bill payment 12167,utilities
Subscription renewal Ola amount 13000 on 2025-11-18,software
Purchased equipment: notebook ₹130665,equipment
Subscription renewal Uber amount ₹10913,software
Paid 23212 for HP hosting,cloud hosting
Flight ticket to conference 57577,travel
Uber to client office 39196,travel
Bought laptop for team ₹161149 from Flipkart on 2025-11-18,equipment
Electricity bill payment 13313,utilities
Monthly subscription Airtel 1246,software
Renewal: domain Dell payment ₹33434,cloud hosting
Consultant invoice paid ₹146335,contractors
Consultant invoice paid 162353,contractors
Ola cab fare 28273 for commute,travel
Internet broadband recharge Adobe 8475,utilities
Instagram ads charged 4749 for promotion,marketing
Subscription renewal Microsoft amount 3780 on 2025-11-18,software
Purchased equipment: printer ink 129384,equipment
Consultant invoice paid ₹64959,contractors
Renewal: domain HP payment ₹14541,cloud hosting
Bought laptop for team ₹156120 from Adobe,equipment
Internet broadband recharge GoDaddy 11037,utilities
Internet broadband recharge Google 7091,utilities
Purchased equipment: pens 74812,equipment
Purchased equipment: notebook 81984,equipment
Flight ticket to conference ₹5380,travel
Paid 1152 for Facebook ads campaign,marketing
Ordered keyboard from Uber costing 6481,office supplies
Consultant invoice paid ₹93211,contractors
Electricity bill payment 13205,utilities
Electricity bill payment ₹6471,utilities
Consultant invoice paid 123523,contractors
Consultant invoice paid ₹174801,contractors
Paid ₹3077 for Facebook ads campaign,marketing
Monthly subscription Adobe 5629,software
Electricity bill payment ₹7805,utilities
Freelancer payment Uber ₹171853 on 2025-11-18,contractors
Subscription renewal Uber amount ₹10279,software
Renewal: domain Google payment 30676,cloud hosting
Renewal: domain HP payment ₹20584 on 2025-11-18,cloud hosting
Ola cab fare 26095 for commute,travel
Subscription renewal Flipkart amount 14031,software
Ordered desk from Airtel costing Rs 7118,office supplies
Bought keyboard for 13573 rupees from Swiggy,office supplies
Internet broadband recharge Dell ₹7235,utilities
Uber to client office 50866,travel
Uber to client office 54542,travel
Internet broadband recharge Google Rs 11047,utilities
Instagram ads charged 5913 for promotion,marketing
Uber to client office Rs 33957,travel
Purchased equipment: notebook 191039,equipment
Bought pens for 3730 rupees from Flipkart,office supplies
Freelancer payment Adobe ₹140177,contractors
Flight ticket to conference ₹17854,travel
Monthly subscription Airtel 12271,software
Monthly subscription Dell 4630,software
Ola cab fare ₹19514 for commute,travel
Bought desk for ₹2173 rupees from Dell,office supplies
Ola cab fare 41903 for commute,travel
Ola cab fare ₹28966 for commute,travel
Uber to client office 7576 on 2025-11-18,travel
Ordered A4 paper ream from GoDaddy costing 13389,office supplies
Renewal: domain Zoom payment 39935,cloud hosting
Consultant invoice paid 78949,contractors
Ordered printer ink from Google costing ₹12596,office supplies
Paid 11591 for GoDaddy hosting,cloud hosting
Purchased equipment: office chair ₹70680,equipment
Internet broadband recharge Flipkart 4434,utilities
Monthly subscription Jio ₹9022,software
Uber to client office ₹4779,travel
Ola cab fare 30816 for commute,travel
Bought laptop for team ₹124755 from Zoom on 2025-11-18,equipment
Electricity bill payment ₹9991 on 2025-11-18,utilities
Bought pens for ₹9541 rupees from HP,office supplies
Purchased equipment: mouse ₹82917,equipment
Purchased equipment: mouse 101215 on 2025-11-18,equipment
Instagram ads charged 11465 for promotion,marketing
Ordered printer ink from Adobe costing ₹5253 on 2025-11-18,office supplies
Consultant invoice paid 1301,contractors
Monthly subscription Zoom 10301,software
Monthly subscription Ola 2246,software
Renewal: domain Amazon payment 15882 on 2025-11-18,cloud hosting
Electricity bill payment 13885 on 2025-11-18,utilities
Paid 8437 for Facebook ads campaign,marketing
Purchased equipment: mouse ₹154510,equipment
Bought laptop for team ₹28300 from Dell,equipment
Electricity bill payment 4477,utilities
Purchased equipment: A4 paper ream 127059,equipment
Consultant invoice paid 50454,contractors
Electricity bill payment 12301,utilities
Paid 2168 for Facebook ads campaign,marketing
Internet broadband recharge Flipkart ₹7586,utilities
Paid 12904 for Facebook ads campaign,marketing
Paid 44394 for Swiggy hosting,cloud hosting
Purchased equipment: desk 19410,equipment
Ola cab fare 28540 for commute,travel
Renewal: domain Adobe payment ₹45682 on 2025-11-18,cloud hosting
Flight ticket to conference 19326,travel
Electricity bill payment ₹2885,utilities
Consultant invoice paid 131460,contractors
Uber to client office ₹43802,travel
Ola cab fare ₹10453 for commute,travel
Ola cab fare ₹45340 for commute,travel
Monthly subscription Jio ₹1847,software
Ola cab fare 1537 for commute,travel
Ordered laptop from Zomato costing 12308,office supplies
Subscription renewal Google amount 3688,software
Paid Rs 14901 for Facebook ads campaign,marketing
Ordered monitor from Google costing ₹12098,office supplies
Flight ticket to conference ₹11610,travel
Freelancer payment Zoom 72441,contractors
Purchased equipment: pens 98792 on 2025-11-18,equipment
Subscription renewal Swiggy amount 13956,software
Bought desk for 2124 rupees from Ola,office supplies
Consultant invoice paid 29402,contractors
Flight ticket to conference 14607,travel
Ola cab fare ₹7746 for commute,travel
Ola cab fare ₹6469 for commute,travel
Consultant invoice paid 176763,contractors
Paid ₹10830 for Facebook ads campaign,marketing
Electricity bill payment 11409,utilities
Freelancer payment Flipkart 143728 on 2025-11-18,contractors
Uber to client office Rs 55676,travel
Bought monitor for 4090 rupees from Amazon,office supplies
Monthly subscription Google 13421,software
Bought A4 paper ream for 2229 rupees from Ola on 2025-11-18,office supplies
Bought office chair for 5969 rupees from GoDaddy,office supplies
Instagram ads charged 2176 for promotion,marketing
Purchased equipment: monitor 144542,equipment
Ordered desk from Dell costing 5041 on 2025-11-18,office supplies
Purchased equipment: keyboard 121745,equipment
Paid Rs 21309 for Zomato hosting,cloud hosting
Flight ticket to conference ₹34870,travel
Electricity bill payment 14072,utilities
Monthly subscription Jio ₹14650,software
Internet broadband recharge Jio ₹12053,utilities
Uber to client office Rs 45111,travel
Paid 48997 for Jio hosting,cloud hosting
Flight ticket to conference 27022,travel
Ordered laptop from Ola costing 5219,office supplies
Purchased equipment: printer ink 101780,equipment
Subscription renewal HP amount 13947,software
Bought pens for ₹574 rupees from Google,office supplies
Ola cab fare ₹23104 for commute,travel
Consultant invoice paid Rs 195240,contractors
Monthly subscription Jio ₹7532,software
Flight ticket to conference ₹39174 on 2025-11-18,travel
Instagram ads charged 915 for promotion,marketing
Purchased equipment: mouse ₹118575,equipment
Renewal: domain Airtel payment ₹7467,cloud hosting
Purchased equipment: pens ₹21905,equipment
Ordered notebook from Amazon costing 5038,office supplies
Ola cab fare 606 for commute,travel
Subscription renewal Zoom amount 13753,software
Ordered office chair from Jio costing 7632,office supplies
Consultant invoice paid ₹76894 on 2025-11-18,contractors
Flight ticket to conference 30252 on 2025-11-18,travel
Renewal: domain Uber payment Rs 38792,cloud hosting
Flight ticket to conference ₹51160,travel
Renewal: domain Zoom payment 12907,cloud hosting
Paid ₹2499 for Facebook ads campaign,marketing
Paid 3002 for Facebook ads campaign,marketing
Internet broadband recharge Microsoft 10634,utilities
Flight ticket to conference 4575,travel
Ordered desk from Airtel costing ₹1315,office supplies
Ordered pens from Airtel costing 1357 on 2025-11-18,office supplies
Bought laptop for team 162129 from Jio,equipment
Internet broadband recharge Zomato ₹10779,utilities
Bought laptop for team ₹128101 from GoDaddy,equipment
Flight ticket to conference Rs 33166,travel
Internet broadband recharge Zoom ₹10091,utilities
Ola cab fare ₹50855 for commute,travel
Flight ticket to conference 6293,travel
Paid 9647 for Facebook ads campaign,marketing
Consultant invoice paid 186816,contractors
Flight ticket to conference 44016,travel
Bought laptop for team 143297 from Flipkart,equipment
Monthly subscription Airtel ₹3245,software
Paid 33471 for Ola hosting,cloud hosting
Ordered monitor from Microsoft costing 14458,office supplies
Instagram ads charged 13355 for promotion on 2025-11-18,marketing
Freelancer payment Microsoft 117444,contractors
Subscription renewal Zoom amount 5170,software
Monthly subscription Airtel 7318,software
Bought laptop for team 62349 from Jio,equipment
Purchased equipment: monitor 155369,equipment
Renewal: domain Ola payment ₹10706,cloud hosting
Paid 1602 for Facebook ads campaign,marketing
Freelancer payment Zomato ₹109762,contractors
Subscription renewal Jio amount ₹6242,software
Renewal: domain Swiggy payment ₹9771,cloud hosting
Purchased equipment: A4 paper ream 194952,equipment
Bought notebook for ₹13780 rupees from Ola,office supplies
Bought laptop for team ₹85524 from Jio,equipment
Subscription renewal Jio amount ₹7589,software
Purchased equipment: desk 14308,equipment
Ola cab fare 40392 for commute,travel
Paid 4635 for Zoom hosting,cloud hosting
Bought laptop for team Rs 112355 from Zoom,equipment
Freelancer payment Ola 94610,contractors
Renewal: domain HP payment 48381,cloud hosting
Flight ticket to conference 54520,travel
Instagram ads charged 1133 for promotion on 2025-11-18,marketing
Monthly subscription Amazon ₹14612,software
Bought laptop for team ₹134098 from Jio,equipment
Monthly subscription Ola 14225,software
Renewal: domain HP payment 28836,cloud hosting
Consultant invoice paid 131076,contractors
Uber to client office 47750,travel
Instagram ads charged ₹5362 for promotion,marketing
Ola cab fare 39593 for commute,travel
Internet broadband recharge Amazon 10173,utilities
Ordered keyboard from Flipkart costing 6052,office supplies
Bought laptop for Rs 11209 rupees from GoDaddy on 2025-11-18,office supplies
Freelancer payment Airtel ₹149699,contractors
Internet broadband recharge Airtel 7373,utilities
Consultant invoice paid Rs 66434,contractors
Bought laptop for team ₹40870 from Jio,equipment
Internet broadband recharge Uber 4778,utilities
Paid ₹7506 for Facebook ads campaign,marketing
Paid ₹43967 for HP hosting on 2025-11-18,cloud hosting
Ola cab fare ₹55894 for commute,travel
Instagram ads charged ₹8435 for promotion,marketing
Paid 530 for Facebook ads campaign,marketing
Paid ₹1177 for Facebook ads campaign,marketing
Purchased equipment: keyboard Rs 117330,equipment
Paid 44771 for Adobe hosting,cloud hosting
Instagram ads charged 7188 for promotion,marketing
Bought laptop for team ₹53163 from GoDaddy,equipment
Subscription renewal Airtel amount ₹14762 on 2025-11-18,software
Monthly subscription Microsoft ₹4596,software
Paid 38984 for Zoom hosting,cloud hosting
Flight ticket to conference Rs 2799 on 2025-11-18,travel
Uber to client office 50363 on 2025-11-18,travel
Ola cab fare ₹31750 for commute,travel
Consultant invoice paid 20129,contractors
Internet broadband recharge Uber ₹10039,utilities
Flight ticket to conference ₹26230,travel
Renewal: domain Airtel payment ₹30770,cloud hosting
Paid 4854 for Facebook ads campaign,marketing
Instagram ads charged 9564 for promotion,marketing
Bought laptop for team Rs 90882 from Adobe,equipment
Internet broadband recharge Uber Rs 9657,utilities
Purchased equipment: desk 12143,equipment
Freelancer payment HP ₹96928 on 2025-11-18,contractors
Monthly subscription Airtel ₹4828,software
Uber to client office 44690 on 2025-11-18,travel
Freelancer payment HP 147232,contractors
Bought laptop for team ₹20552 from Jio,equipment
Flight ticket to conference 34134,travel
Flight ticket to conference ₹20975,travel
Ola cab fare 33347 for commute,travel
Ola cab fare ₹24240 for commute on 2025-11-18,travel
Electricity bill payment 13154,utilities
Purchased equipment: laptop ₹161423 on 2025-11-18,equipment
Purchased equipment: desk 174895,equipment
Subscription renewal Amazon amount ₹11577 on 2025-11-18,software
Flight ticket to conference 27163,travel
Purchased equipment: office chair ₹195014,equipment
Flight ticket to conference 34537,travel
Flight ticket to conference 44393,travel
Uber to client office 12700,travel
Ola cab fare ₹46296 for commute,travel
Flight ticket to conference 36832,travel
Renewal: domain Google payment 25083,cloud hosting
Paid Rs 4812 for Facebook ads campaign,marketing
Uber to client office ₹14123,travel
Uber to client office 40449 on 2025-11-18,travel
Bought laptop for team ₹23760 from Uber,equipment
Purchased equipment: A4 paper ream 11358,equipment
Purchased equipment: notebook ₹85299,equipment
Paid 15418 for Microsoft hosting,cloud hosting
Instagram ads charged 695 for promotion,marketing
Ola cab fare ₹707 for commute,travel
Flight ticket to conference 42129,travel
Bought laptop for team 60544 from Adobe,equipment
Uber to client office 1023,travel
Monthly subscription GoDaddy 14127,software
Flight ticket to conference ₹43960,travel
Purchased equipment: notebook ₹11790,equipment
Uber to client office Rs 38272,travel
Subscription renewal Amazon amount ₹7725,software
Bought laptop for team ₹190955 from Zomato,equipment
Ola cab fare ₹14573 for commute,travel
Paid 6221 for Facebook ads campaign,marketing
Monthly subscription HP 11246 on 2025-11-18,software
Internet broadband recharge Zoom 1379,utilities
Bought laptop for team ₹150682 from Uber,equipment
Bought laptop for team ₹188335 from Adobe,equipment
Paid 29395 for Zomato hosting,cloud hosting
Internet broadband recharge Google 9255,utilities
Consultant invoice paid ₹196508 on 2025-11-18,contractors
Electricity bill payment 8966 on 2025-11-18,utilities
Purchased equipment: pens ₹117182,equipment
Electricity bill payment 7448,utilities
Paid ₹2043 for Facebook ads campaign,marketing
Bought laptop for team 10910 from GoDaddy,equipment
Electricity bill payment ₹13589,utilities
Paid 14439 for Facebook ads campaign,marketing
Electricity bill payment ₹4043 on 2025-11-18,utilities
Ordered laptop from Adobe costing Rs 11110,office supplies
Consultant invoice paid ₹142494,contractors
Ordered desk from GoDaddy costing ₹4839,office supplies
Flight ticket to conference 50729,travel
Paid 3721 for Facebook ads campaign,marketing
Instagram ads charged 9207 for promotion,marketing
Consultant invoice paid 84554,contractors
Instagram ads charged ₹7858 for promotion,marketing
Paid 1044 for Facebook ads campaign,marketing
Paid ₹4277 for Facebook ads campaign,marketing
Internet broadband recharge Swiggy 1614 on 2025-11-18,utilities
Consultant invoice paid ₹159052 on 2025-11-18,contractors
Monthly subscription Adobe 14345,software
Monthly subscription Zomato ₹12248,software
Purchased equipment: notebook 192354,equipment
Flight ticket to conference 25047,travel
Freelancer payment Zoom ₹123160,contractors
Purchased equipment: monitor 63248,equipment
Subscription renewal Dell amount ₹365,software
Electricity bill payment ₹3314,utilities
Subscription renewal Adobe amount 10825,software
Purchased equipment: mouse ₹130803,equipment
Instagram ads charged ₹8100 for promotion,marketing
Ordered office chair from Zoom costing 13847,office supplies
Bought A4 paper ream for Rs 13904 rupees from Jio,office supplies
Monthly subscription Zoom ₹6214,software
Purchased equipment: mouse ₹14123,equipment
Bought desk for ₹11932 rupees from Amazon,office supplies
Bought keyboard for 13308 rupees from Zoom,office supplies
Bought laptop for team 60313 from GoDaddy,equipment
Consultant invoice paid 107437,contractors
Ola cab fare 42943 for commute on 2025-11-18,travel
Consultant invoice paid 145887,contractors
Paid 42464 for Adobe hosting,cloud hosting
Renewal: domain Zomato payment ₹2988,cloud hosting
Purchased equipment: office chair 29489,equipment
Ordered monitor from GoDaddy costing 356,office supplies
Consultant invoice paid ₹79453,contractors
Consultant invoice paid 87960,contractors
Paid ₹3719 for Zoom hosting,cloud hosting
Paid 40430 for Airtel hosting,cloud hosting
Bought pens for 12937 rupees from Microsoft,office supplies
Consultant invoice paid 179177,contractors
Ola cab fare ₹46834 for commute,travel
Consultant invoice paid 194896 on 2025-11-18,contractors
Ola cab fare ₹49995 for commute,travel
Instagram ads charged 9225 for promotion on 2025-11-18,marketing
Freelancer payment Zoom 157480,contractors
Ola cab fare ₹51163 for commute,travel
Subscription renewal Google amount 2878,software
Uber to client office ₹4246,travel
Ola cab fare ₹23766 for commute,travel
Purchased equipment: laptop 61261 on 2025-11-18,equipment
Consultant invoice paid 100585,contractors
Paid 9983 for Facebook ads campaign,marketing
Consultant invoice paid 193642,contractors
Subscription renewal Airtel amount 4692 on 2025-11-18,software
Monthly subscription Google 3047,software
Internet broadband recharge Dell 7283 on 2025-11-18,utilities
Electricity bill payment 2380,utilities
Electricity bill payment 1311,utilities
Bought laptop for team ₹152513 from Zomato,equipment
Paid 43296 for Flipkart hosting,cloud hosting
Consultant invoice paid ₹113841 on 2025-11-18,contractors
Subscription renewal Zoom amount 9242,software
Consultant invoice paid 181993 on 2025-11-18,contractors
Renewal: domain Ola payment ₹5826,cloud hosting
Paid 5720 for Facebook ads campaign,marketing
Purchased equipment: mouse 199266,equipment
Renewal: domain Amazon payment ₹42665,cloud hosting
Subscription renewal Zoom amount ₹9142,software
Internet broadband recharge Uber ₹10417,utilities
Electricity bill payment 12181,utilities
Consultant invoice paid ₹54945,contractors
Paid ₹35385 for Google hosting,cloud hosting
Internet broadband recharge Flipkart 11088,utilities
Consultant invoice paid ₹154879,contractors
Internet broadband recharge Google 13432,utilities
Paid ₹20724 for Microsoft hosting,cloud hosting
Instagram ads charged 8469 for promotion,marketing
Electricity bill payment 10512,utilities
Instagram ads charged ₹8122 for promotion,marketing
Internet broadband recharge Google Rs 14280,utilities
Consultant invoice paid 172198,contractors
Internet broadband recharge Adobe 1454,utilities
Ordered notebook from Ola costing ₹8908,office supplies
Purchased equipment: desk 39677,equipment
Freelancer payment Zoom 189476,contractors
Subscription renewal Ola amount ₹7468,software
Paid ₹15728 for Adobe hosting,cloud hosting
Freelancer payment Swiggy 166877,contractors
Monthly subscription HP 9440,software
Flight ticket to conference 19061,travel
Renewal: domain GoDaddy payment 4085,cloud hosting
Paid ₹11755 for Facebook ads campaign,marketing
Consultant invoice paid 152368,contractors
Paid 26601 for Microsoft hosting,cloud hosting
Freelancer payment Adobe 86796,contractors
Paid 41804 for Dell hosting on 2025-11-18,cloud hosting
Consultant invoice paid 56535,contractors
Paid ₹13015 for Facebook ads campaign,marketing
Ordered printer ink from Amazon costing 10359,office supplies
Instagram ads charged 111 for promotion,marketing
Paid 2704 for Facebook ads campaign on 2025-11-18,marketing
Freelancer payment Ola 98476 on 2025-11-18,contractors
Ola cab fare 28230 for commute on 2025-11-18,travel
Purchased equipment: A4 paper ream ₹165629,equipment
Bought monitor for ₹13487 rupees from Amazon,office supplies
Paid 3851 for Facebook ads campaign on 2025-11-18,marketing
Flight ticket to conference 9086,travel
Paid ₹9328 for Facebook ads campaign,marketing
Internet broadband recharge Airtel 10390,utilities
Internet broadband recharge Swiggy 1520,utilities
Consultant invoice paid 83445,contractors
Subscription renewal Zoom amount 9930,software
Bought pens for 3466 rupees from Swiggy,office supplies
Ola cab fare 51467 for commute,travel
Renewal: domain Uber payment 42017,cloud hosting
Freelancer payment Zomato 35598,contractors
Instagram ads charged ₹12721 for promotion,marketing
Bought notebook for 752 rupees from Ola,office supplies
Ola cab fare 50373 for commute on 2025-11-18,travel
Paid ₹5177 for Facebook ads campaign,marketing
Paid 6501 for Facebook ads campaign,marketing
Paid 48038 for Ola hosting,cloud hosting
Electricity bill payment 10131,utilities
Instagram ads charged ₹11698 for promotion on 2025-11-18,marketing
Purchased equipment: desk 145586,equipment
Paid 12108 for Facebook ads campaign on 2025-11-18,marketing
Electricity bill payment ₹1146,utilities
Paid 33674 for Adobe hosting,cloud hosting
Freelancer payment GoDaddy 27975 on 2025-11-18,contractors
Bought laptop for team ₹13221 from Amazon,equipment
Consultant invoice paid 47913,contractors
Electricity bill payment 4167,utilities
Paid 8025 for Google hosting,cloud hosting
Bought laptop for team 28068 from Amazon,equipment
Ola cab fare 36347 for commute,travel
Ola cab fare 15997 for commute,travel
Monthly subscription Dell 12559,software
Bought desk for 5775 rupees from Uber on 2025-11-18,office supplies
Flight ticket to conference 55740,travel
Subscription renewal Jio amount 1081,software
Ordered notebook from Zomato costing 14801,office supplies
Internet broadband recharge Dell ₹9615,utilities
Consultant invoice paid ₹149850,contractors
Paid 4376 for Facebook ads campaign,marketing
Flight ticket to conference ₹17922,travel
Paid ₹1885 for Facebook ads campaign,marketing
Internet broadband recharge Airtel 2078,utilities
Ola cab fare ₹55968 for commute,travel
Ola cab fare ₹2743 for commute,travel
Paid Rs 5928 for Facebook ads campaign,marketing
Instagram ads charged 14101 for promotion,marketing
Internet broadband recharge Flipkart ₹2089,utilities
Subscription renewal GoDaddy amount 13595,software
Paid Rs 17162 for Google hosting,cloud hosting
Monthly subscription Zomato ₹13359,software
Flight ticket to conference ₹30311,travel
Electricity bill payment ₹8228,utilities
Instagram ads charged ₹14981 for promotion,marketing
Paid 10244 for Facebook ads campaign,marketing
Purchased equipment: printer ink 83341,equipment
Bought laptop for team 15119 from Uber,equipment
Purchased equipment: laptop ₹141699,equipment
Bought laptop for ₹3688 rupees from Airtel,office supplies
Uber to client office 34796,travel
Instagram ads charged ₹10862 for promotion,marketing
Ordered notebook from HP costing 9532,office supplies
Instagram ads charged ₹9807 for promotion,marketing
Freelancer payment Zomato 8394,contractors
Paid 13808 for Facebook ads campaign,marketing
Ola cab fare ₹2587 for commute,travel
Subscription renewal Amazon amount ₹7931,software
Monthly subscription HP 5682,software
Flight ticket to conference 9780,travel
Bought laptop for team 29013 from Swiggy,equipment
Renewal: domain Airtel payment ₹21342,cloud hosting
Electricity bill payment ₹10736,utilities
Freelancer payment Uber 46967,contractors
Instagram ads charged 11601 for promotion,marketing
Ordered laptop from GoDaddy costing 5313,office supplies
Renewal: domain Zomato payment ₹9417 on 2025-11-18,cloud hosting
Freelancer payment Airtel Rs 167772,contractors
Flight ticket to conference ₹17480,travel
Freelancer payment Ola ₹189852,contractors
Electricity bill payment 8178,utilities
Purchased equipment: laptop 180647,equipment
Ordered office chair from Ola costing ₹5321 on 2025-11-18,office supplies
Flight ticket to conference 10645,travel
Paid 40415 for Airtel hosting,cloud hosting
Instagram ads charged ₹2673 for promotion,marketing
Monthly subscription Jio 11929,software
Ola cab fare 3352 for commute,travel
Ordered office chair from Airtel costing ₹7105,office supplies
Purchased equipment: printer ink ₹16746,equipment
Paid 20408 for Adobe hosting,cloud hosting
Uber to client office ₹25496,travel
Freelancer payment GoDaddy ₹12696,contractors
Subscription renewal Swiggy amount ₹9344,software
Renewal: domain Flipkart payment 35684,cloud hosting
Ordered keyboard from Swiggy costing 13508,office supplies
Purchased equipment: notebook ₹134849,equipment
Ordered laptop from Zoom costing 14853,office supplies
Paid 2932 for Facebook ads campaign,marketing
Monthly subscription GoDaddy ₹7036,software
Monthly subscription Swiggy 13766,software
Paid 36661 for Flipkart hosting,cloud hosting
Internet broadband recharge Zomato 12986,utilities
Renewal: domain Jio payment 9912,cloud hosting
Renewal: domain Zomato payment 37076,cloud hosting
Freelancer payment Zomato 70241,contractors
Ordered pens from GoDaddy costing ₹6702,office supplies
Consultant invoice paid Rs 87899,contractors
Uber to client office ₹1425,travel
Ola cab fare Rs 56345 for commute,travel
Paid 12781 for Facebook ads campaign,marketing
Paid 14053 for Uber hosting,cloud hosting
Bought laptop for team 24734 from Swiggy,equipment
Bought laptop for team Rs 147438 from Jio,equipment
Monthly subscription Swiggy ₹4187 on 2025-11-18,software
Freelancer payment Dell 72821,contractors
Renewal: domain Microsoft payment 16055,cloud hosting
Purchased equipment: desk ₹101687,equipment
Uber to client office ₹18782 on 2025-11-18,travel
Monthly subscription Swiggy ₹10706,software
Electricity bill payment 14266 on 2025-11-18,utilities
Paid 9949 for Facebook ads campaign,marketing
Ola cab fare 27874 for commute,travel
Monthly subscription Adobe 11195,software
Bought monitor for 9298 rupees from Zoom,office supplies
Renewal: domain Adobe payment 22238,cloud hosting
Uber to client office ₹12444,travel
Ordered laptop from HP costing 6720,office supplies
Purchased equipment: pens 119724,equipment
Monthly subscription Airtel 11344,software
Freelancer payment Zoom 45560,contractors
Renewal: domain Adobe payment ₹48756,cloud hosting
Instagram ads charged ₹10822 for promotion,marketing
Ola cab fare ₹24458 for commute,travel
Renewal: domain Adobe payment 41775 on 2025-11-18,cloud hosting
Monthly subscription Zoom 14313,software
Paid 5714 for Facebook ads campaign,marketing
Internet broadband recharge GoDaddy 14229,utilities
Instagram ads charged 177 for promotion,marketing
Instagram ads charged 2220 for promotion,marketing
Purchased equipment: office chair 19889,equipment
Flight ticket to conference ₹12589 on 2025-11-18,travel
Subscription renewal Uber amount ₹5213,software
Ola cab fare ₹54091 for commute,travel
Internet broadband recharge Dell 9870,utilities
Paid 5985 for Facebook ads campaign,marketing
Consultant invoice paid 59804,contractors
Bought laptop for team 106099 from GoDaddy,equipment
Uber to client office ₹40937,travel
Renewal: domain Microsoft payment 3361,cloud hosting
Uber to client office 13567,travel
Renewal: domain Microsoft payment 17893,cloud hosting
Renewal: domain Zoom payment ₹7915,cloud hosting
Purchased equipment: laptop 62363,equipment
Freelancer payment Dell ₹78424,contractors
Monthly subscription Dell ₹5516 on 2025-11-18,software
Paid 37827 for Zomato hosting on 2025-11-18,cloud hosting
Bought laptop for team 77080 from Flipkart,equipment
Uber to client office 6641,travel
Freelancer payment HP Rs 112672,contractors
Ordered A4 paper ream from Amazon costing 10968,office supplies
Uber to client office 24520,travel
Internet broadband recharge Ola 11403,utilities
Instagram ads charged 11506 for promotion,marketing
Renewal: domain Jio payment 31832,cloud hosting
Consultant invoice paid ₹161263,contractors
Paid 1950 for Facebook ads campaign on 2025-11-18,marketing
Flight ticket to conference 50400,travel
Flight ticket to conference Rs 45204,travel
Subscription renewal Adobe amount 10974,software
Ordered A4 paper ream from Amazon costing 8383,office supplies
Paid ₹21213 for HP hosting,cloud hosting
Ordered notebook from Zoom costing 9119,office supplies
Internet broadband recharge Adobe ₹7441,utilities
Flight ticket to conference 48939,travel
Bought printer ink for 13072 rupees from Swiggy,office supplies
Bought laptop for team 181598 from Zoom,equipment
Ordered notebook from Swiggy costing 13933,office supplies
Purchased equipment: monitor Rs 197672,equipment
Bought monitor for 13696 rupees from Airtel,office supplies
Freelancer payment Dell 13000,contractors
Electricity bill payment ₹10108,utilities
Consultant invoice paid 50959,contractors
Renewal: domain HP payment 30175,cloud hosting
Purchased equipment: desk 22732,equipment
Bought laptop for team 191355 from HP,equipment
Consultant invoice paid 159901,contractors
Subscription renewal Ola amount 5717,software
Electricity bill payment 4997,utilities
Monthly subscription Uber 10326,software
Paid 8355 for Facebook ads campaign,marketing
Freelancer payment Zoom 153779,contractors
Ola cab fare ₹53073 for commute on 2025-11-18,travel
Consultant invoice paid ₹176703,contractors
Instagram ads charged 2499 for promotion,marketing
Ordered mouse from Airtel costing 1779,office supplies
Subscription renewal Dell amount ₹6471,software
Ola cab fare 25107 for commute,travel
Flight ticket to conference 949,travel
Internet broadband recharge Swiggy 10483,utilities
Monthly subscription HP 4919 on 2025-11-18,software
Instagram ads charged 2055 for promotion,marketing
Paid ₹13961 for Facebook ads campaign,marketing
Paid 5385 for Facebook ads campaign,marketing
Ola cab fare 36155 for commute,travel
Subscription renewal GoDaddy amount 1217,software
Consultant invoice paid 58985,contractors
Ola cab fare 34866 for commute,travel
Bought monitor for ₹7401 rupees from Flipkart,office supplies
Subscription renewal Amazon amount 6348,software
Ola cab fare 53977 for commute,travel
Purchased equipment: pens ₹180794,equipment
Renewal: domain GoDaddy payment ₹35144 on 2025-11-18,cloud hosting
Monthly subscription Swiggy ₹13791,software
Electricity bill payment Rs 12337,utilities
Ordered printer ink from Flipkart costing ₹989,office supplies
Paid 17150 for Google hosting,cloud hosting
Flight ticket to conference ₹44225 on 2025-11-18,travel
Paid Rs 3182 for HP hosting,cloud hosting
Renewal: domain Ola payment ₹39951,cloud hosting
Internet broadband recharge Jio 13569,utilities
Paid 13154 for Facebook ads campaign,marketing
Paid 282 for Facebook ads campaign,marketing
Bought laptop for 6556 rupees from Google,office supplies
Freelancer payment Uber 170327,contractors
Uber to client office 11985 on 2025-11-18,travel
Internet broadband recharge Microsoft ₹1298 on 2025-11-18,utilities
Renewal: domain Uber payment 32128,cloud hosting
Subscription renewal Flipkart amount ₹10250,software
Purchased equipment: monitor 171570,equipment
Freelancer payment HP ₹113278,contractors
Subscription renewal Dell amount 4633,software
Purchased equipment: mouse 104041 on 2025-11-18,equipment
Paid 9375 for Swiggy hosting,cloud hosting
Paid 1420 for Dell hosting,cloud hosting
Consultant invoice paid 56773,contractors
Purchased equipment: A4 paper ream 105897,equipment
Ola cab fare 32941 for commute,travel
Subscription renewal Swiggy amount ₹11309,software
Internet broadband recharge GoDaddy 9379,utilities
Purchased equipment: office chair 67362,equipment
Subscription renewal Amazon amount 8585,software
Internet broadband recharge Zomato 753,utilities
Bought laptop for team 79026 from Microsoft,equipment
Consultant invoice paid Rs 172268,contractors
Subscription renewal Zoom amount 5881,software
Bought A4 paper ream for ₹7307 rupees from Zoom on 2025-11-18,office supplies
Uber to client office ₹12349,travel
Renewal: domain Microsoft payment 27372,cloud hosting
Purchased equipment: notebook ₹164872,equipment
Bought office chair for 2195 rupees from Uber,office supplies
Ordered laptop from Zomato costing ₹2506,office supplies
Instagram ads charged 9919 for promotion,marketing
Ola cab fare 29538 for commute,travel
Subscription renewal Swiggy amount ₹9944,software
Instagram ads charged ₹4433 for promotion,marketing
Internet broadband recharge Google ₹1227,utilities
Renewal: domain Amazon payment 34456,cloud hosting
Paid 3006 for Facebook ads campaign on 2025-11-18,marketing
Bought laptop for team 34429 from HP,equipment
Bought keyboard for 8653 rupees from Zomato,office supplies
Electricity bill payment 13036,utilities
Renewal: domain Jio payment 16880,cloud hosting
Ola cab fare ₹26881 for commute on 2025-11-18,travel
Bought desk for 2030 rupees from Google,office supplies
Flight ticket to conference ₹7085,travel
Uber to client office 27858,travel
Consultant invoice paid 109325,contractors
Purchased equipment: pens ₹161427,equipment
Paid ₹12352 for Facebook ads campaign,marketing
Instagram ads charged 8428 for promotion,marketing
Ordered keyboard from GoDaddy costing ₹10518 on 2025-11-18,office supplies
Paid ₹7233 for Facebook ads campaign,marketing
Freelancer payment Flipkart 10897,contractors
Bought laptop for team 25063 from Ola,equipment
Internet broadband recharge Amazon 14035,utilities
Ordered laptop from HP costing 8464,office supplies
Ordered notebook from Airtel costing ₹10831,office supplies
Uber to client office 23242,travel
Bought printer ink for 1577 rupees from Dell,office supplies
Freelancer payment Airtel 60322,contractors
Bought A4 paper ream for 6770 rupees from Ola,office supplies
Flight ticket to conference 16988,travel
Internet broadband recharge Jio 8023,utilities
Internet broadband recharge Microsoft Rs 14788 on 2025-11-18,utilities
Paid 44562 for Jio hosting,cloud hosting
Freelancer payment Zoom 3548,contractors
Consultant invoice paid 20930,contractors
Monthly subscription Zomato ₹4508,software
Monthly subscription Adobe 3947,software
Monthly subscription Swiggy 13802 on 2025-11-18,software
Paid ₹40427 for Microsoft hosting,cloud hosting
Ordered mouse from Swiggy costing 6181,office supplies
Uber to client office 50186,travel
Paid 13195 for Facebook ads campaign on 2025-11-18,marketing
Freelancer payment Jio 120851,contractors
Bought notebook for 6316 rupees from Amazon,office supplies
Uber to client office ₹17326,travel
Flight ticket to conference 32787,travel
Freelancer payment Swiggy 74303,contractors
Subscription renewal Swiggy amount ₹11909,software
Electricity bill payment ₹3312,utilities
Paid 2993 for Facebook ads campaign,marketing
Bought laptop for team ₹137564 from Zoom,equipment
Ordered printer ink from Jio costing ₹11413,office supplies
Uber to client office 29581,travel
Uber to client office ₹27085,travel
Monthly subscription Google 10747,software
Freelancer payment Airtel 128793 on 2025-11-18,contractors
Ola cab fare ₹57002 for commute,travel
Flight ticket to conference 37562 on 2025-11-18,travel
Flight ticket to conference 20866,travel
Consultant invoice paid 96201,contractors
Instagram ads charged 2148 for promotion,marketing
Paid ₹26220 for Uber hosting on 2025-11-18,cloud hosting
Purchased equipment: office chair 16911,equipment
Renewal: domain Ola payment ₹10376,cloud hosting
Consultant invoice paid 65853,contractors
Bought laptop for team ₹17489 from Swiggy,equipment
Flight ticket to conference 30717,travel
Internet broadband recharge GoDaddy 3000,utilities
Electricity bill payment 5173,utilities
Paid 24171 for Adobe hosting on 2025-11-18,cloud hosting
Bought laptop for team ₹100147 from Swiggy,equipment
Purchased equipment: mouse ₹88541,equipment
Ola cab fare ₹52316 for commute,travel
Electricity bill payment 7261,utilities
Consultant invoice paid ₹58826,contractors
Subscription renewal Zoom amount 13331,software
Uber to client office ₹56033,travel
Renewal: domain Microsoft payment 40683,cloud hosting
Flight ticket to conference Rs 3352,travel
Ola cab fare Rs 46971 for commute on 2025-11-18,travel
Bought notebook for 5701 rupees from Adobe,office supplies
Freelancer payment Adobe ₹87572,contractors
Paid 12808 for Facebook ads campaign,marketing
Uber to client office ₹54380,travel
Subscription renewal Jio amount Rs 4149,software
Renewal: domain Zoom payment 31187,cloud hosting
Instagram ads charged 12301 for promotion,marketing
Ola cab fare ₹58264 for commute,travel
Renewal: domain Uber payment ₹21467,cloud hosting
Renewal: domain Jio payment 785,cloud hosting
Paid ₹4175 for Facebook ads campaign on 2025-11-18,marketing
Flight ticket to conference 4017,travel
Renewal: domain GoDaddy payment ₹15448,cloud hosting
Freelancer payment HP ₹193201,contractors
Freelancer payment Dell 66718,contractors
Ola cab fare 12537 for commute,travel
Internet broadband recharge Ola Rs 14199,utilities
Ola cab fare Rs 35594 for commute,travel
Consultant invoice paid 5907,contractors
Flight ticket to conference 43241,travel
Purchased equipment: desk 50404,equipment
Renewal: domain Flipkart payment ₹43381,cloud hosting
Paid ₹3410 for Facebook ads campaign,marketing
Ordered keyboard from Google costing 10879,office supplies
Ordered notebook from Airtel costing Rs 10027,office supplies
Purchased equipment: printer ink Rs 132698,equipment
Electricity bill payment 13112,utilities
Ordered printer ink from Dell costing ₹13771,office supplies
Bought laptop for team 70559 from Flipkart,equipment
Subscription renewal Google amount 9249 on 2025-11-18,software
Freelancer payment Microsoft 185169,contractors
Instagram ads charged ₹8368 for promotion,marketing
Internet broadband recharge Zomato ₹14886,utilities
Flight ticket to conference 27123,travel
Subscription renewal Google amount 3604,software
Freelancer payment Adobe ₹105094 on 2025-11-18,contractors
Ola cab fare ₹34022 for commute,travel
Bought notebook for Rs 3619 rupees from Ola,office supplies
Uber to client office 33606,travel
Ordered monitor from Adobe costing ₹2657,office supplies
Subscription renewal Uber amount ₹13388,software
Monthly subscription Dell ₹11955,software
Purchased equipment: laptop 34999,equipment
Consultant invoice paid ₹88658,contractors
Electricity bill payment 14350,utilities
Bought keyboard for ₹986 rupees from Microsoft on 2025-11-18,office supplies
Paid ₹11532 for Facebook ads campaign on 2025-11-18,marketing
Consultant invoice paid 151799,contractors
Consultant invoice paid ₹89124,contractors
Ordered keyboard from Zoom costing ₹4401,office supplies
Paid 7979 for Facebook ads campaign,marketing
Monthly subscription Zoom 12153,software
Electricity bill payment ₹1567,utilities
Freelancer payment Airtel ₹85079,contractors
Ola cab fare 40484 for commute,travel
Internet broadband recharge Amazon 3371,utilities
Paid 16128 for Flipkart hosting,cloud hosting
Ola cab fare 45568 for commute,travel
Flight ticket to conference ₹13985,travel
Uber to client office 40931,travel
Bought laptop for Rs 14944 rupees from Jio,office supplies
Ola cab fare ₹17878 for commute,travel
Bought keyboard for ₹10919 rupees from Flipkart,office supplies
Freelancer payment Swiggy ₹6001,contractors
Consultant invoice paid Rs 134310,contractors
Paid 33010 for GoDaddy hosting,cloud hosting
Ordered desk from Uber costing ₹5095,office supplies
Instagram ads charged 11311 for promotion,marketing
Bought laptop for team ₹174047 from Ola,equipment
Bought pens for ₹3795 rupees from Zoom,office supplies
Paid 8631 for Facebook ads campaign,marketing
Subscription renewal Jio amount ₹9486,software
Flight ticket to conference ₹8735,travel
Monthly subscription Swiggy 5162,software
Electricity bill payment 10851,utilities
Renewal: domain GoDaddy payment 9736,cloud hosting
Electricity bill payment 7358,utilities
Uber to client office ₹7097 on 2025-11-18,travel
Uber to client office ₹40231,travel
Bought printer ink for 11374 rupees from Airtel,office supplies
Purchased equipment: monitor 58228,equipment
Monthly subscription Uber Rs 6794,software
Electricity bill payment ₹12515,utilities
Internet broadband recharge Swiggy 8127,utilities
Electricity bill payment 10060,utilities
Bought laptop for team ₹146485 from Microsoft,equipment
Ordered notebook from Zomato costing 8598 on 2025-11-18,office supplies
Consultant invoice paid ₹50768,contractors
Ola cab fare ₹30334 for commute,travel
Ordered desk from Dell costing ₹14905,office supplies
Internet broadband recharge Flipkart ₹1954,utilities
Paid 5399 for Facebook ads campaign,marketing
Monthly subscription Zomato ₹1577,software
Instagram ads charged ₹1594 for promotion,marketing
Freelancer payment Flipkart 186408,contractors
Instagram ads charged ₹6335 for promotion,marketing
Flight ticket to conference 10724,travel
Electricity bill payment 12062,utilities
Renewal: domain Zomato payment ₹13494,cloud hosting
Bought mouse for 14115 rupees from Adobe,office supplies
Purchased equipment: notebook 164366,equipment
Bought desk for 4656 rupees from Uber,office supplies
Ordered A4 paper ream from GoDaddy costing Rs 1002,office supplies
Ola cab fare ₹3313 for commute,travel
Instagram ads charged 10112 for promotion,marketing
Instagram ads charged Rs 6001 for promotion,marketing
Freelancer payment Zomato 18738 on 2025-11-18,contractors
Purchased equipment: printer ink 192090,equipment
Monthly subscription Dell ₹10127,software
Bought laptop for team 199811 from Flipkart,equipment
Ola cab fare ₹55661 for commute,travel
Freelancer payment Zomato 162032,contractors
Purchased equipment: A4 paper ream ₹169752,equipment
Monthly subscription Amazon 492,software
Monthly subscription HP 6893,software
Monthly subscription Amazon ₹11405,software
Ola cab fare ₹36144 for commute on 2025-11-18,travel
Flight ticket to conference 47574,travel
Monthly subscription Airtel 11117 on 2025-11-18,software
Paid 10376 for Facebook ads campaign,marketing
Internet broadband recharge HP ₹12266,utilities
Flight ticket to conference ₹1326,travel
Freelancer payment Flipkart 74520,contractors
Instagram ads charged ₹6482 for promotion on 2025-11-18,marketing
Ola cab fare ₹46620 for commute,travel
Purchased equipment: notebook 107408,equipment
Ola cab fare 24624 for commute,travel
Internet broadband recharge Zoom 13191,utilities
Purchased equipment: desk 91358,equipment
Bought laptop for team 63788 from Microsoft,equipment
Bought laptop for team 91521 from Flipkart,equipment
Paid ₹3223 for Airtel hosting,cloud hosting
Ola cab fare ₹49808 for commute,travel
Flight ticket to conference ₹18880,travel
Internet broadband recharge Microsoft ₹4567,utilities
Bought desk for ₹8522 rupees from Google,office supplies
Flight ticket to conference 46260,travel
Ola cab fare 35527 for commute,travel
Ordered keyboard from Flipkart costing ₹981,office supplies
Internet broadband recharge Google ₹5219,utilities
Paid ₹37410 for Zomato hosting,cloud hosting
Internet broadband recharge Flipkart 5185,utilities
Subscription renewal Uber amount 14208,software
Instagram ads charged 13023 for promotion,marketing
Paid 23232 for Adobe hosting,cloud hosting
Freelancer payment Google 34395,contractors
Renewal: domain Airtel payment ₹42762,cloud hosting
Internet broadband recharge Jio ₹6873,utilities
Instagram ads charged ₹1182 for promotion,marketing
Electricity bill payment 9393,utilities
Paid ₹32091 for Dell hosting,cloud hosting
Flight ticket to conference 53972,travel
Renewal: domain Microsoft payment ₹25032,cloud hosting
Ordered notebook from Flipkart costing ₹13486,office supplies
Bought A4 paper ream for ₹10927 rupees from HP,office supplies
Consultant invoice paid ₹118220,contractors
Flight ticket to conference 52158,travel
Electricity bill payment 1562,utilities
Paid 1122 for Facebook ads campaign on 2025-11-18,marketing
Freelancer payment Flipkart ₹9174,contractors
Consultant invoice paid 187587,contractors
Instagram ads charged 3183 for promotion,marketing
Electricity bill payment 14398 on 2025-11-18,utilities
Bought mouse for 10879 rupees from GoDaddy on 2025-11-18,office supplies
Electricity bill payment 14740,utilities
Instagram ads charged 7048 for promotion,marketing
Instagram ads charged 221 for promotion,marketing
Bought laptop for team Rs 153174 from Ola on 2025-11-18,equipment
Purchased equipment: monitor 39665 on 2025-11-18,equipment
Bought laptop for team 131880 from Swiggy,equipment
Subscription renewal Adobe amount 11307,software
Ordered monitor from Zomato costing 8865,office supplies
Purchased equipment: monitor 120366,equipment
Instagram ads charged ₹12378 for promotion,marketing
Uber to client office ₹37989 on 2025-11-18,travel
Ola cab fare ₹1889 for commute on 2025-11-18,travel
Bought laptop for team ₹76073 from Flipkart,equipment
Uber to client office ₹39672,travel
Paid 6158 for Facebook ads campaign,marketing
Purchased equipment: desk ₹18674 on 2025-11-18,equipment
Paid 13823 for Facebook ads campaign,marketing
Subscription renewal Microsoft amount 11994,software
Freelancer payment Amazon Rs 199045,contractors
Purchased equipment: mouse ₹149597,equipment
Consultant invoice paid 39050,contractors
Internet broadband recharge Jio Rs 8787,utilities
Freelancer payment Swiggy 161035,contractors
Uber to client office 16834,travel
Subscription renewal Dell amount ₹12723,software
Instagram ads charged 273 for promotion on 2025-11-18,marketing
Renewal: domain Zoom payment 45124,cloud hosting
Monthly subscription Amazon ₹10248,software
Monthly subscription Google Rs 11701,software
Consultant invoice paid 49435,contractors
Internet broadband recharge Microsoft 10565,utilities
Flight ticket to conference ₹51266,travel
Consultant invoice paid ₹16744,contractors
Instagram ads charged 8156 for promotion,marketing
Purchased equipment: A4 paper ream 151723,equipment
Internet broadband recharge Dell ₹1792 on 2025-11-18,utilities
Uber to client office 1329,travel
Ordered keyboard from Microsoft costing ₹4465,office supplies
Consultant invoice paid 136104,contractors
Consultant invoice paid ₹142591,contractors
Purchased equipment: laptop 150326,equipment
Consultant invoice paid 96775 on 2025-11-18,contractors
Internet broadband recharge HP ₹10713,utilities
Consultant invoice paid 79347,contractors
Freelancer payment Adobe 166882 on 2025-11-18,contractors
Bought laptop for Rs 4007 rupees from Dell,office supplies
Ola cab fare 54773 for commute on 2025-11-18,travel
Flight ticket to conference 51727,travel
Bought laptop for team 49047 from Adobe on 2025-11-18,equipment
Paid 7820 for Facebook ads campaign,marketing
Paid ₹10465 for Facebook ads campaign,marketing
Renewal: domain Adobe payment Rs 11386,cloud hosting
Renewal: domain Adobe payment ₹40545,cloud hosting
Electricity bill payment ₹5412,utilities
Paid ₹12621 for Facebook ads campaign,marketing
Paid 9456 for Flipkart hosting,cloud hosting
Instagram ads charged ₹9635 for promotion on 2025-11-18,marketing
Consultant invoice paid Rs 5097 on 2025-11-18,contractors
Paid 18794 for Dell hosting,cloud hosting
Paid ₹10582 for Facebook ads campaign,marketing
Subscription renewal GoDaddy amount ₹11432,software
Purchased equipment: printer ink 174414,equipment
Subscription renewal Uber amount 8786,software
Bought laptop for team 174223 from Uber,equipment
Paid ₹8251 for Facebook ads campaign,marketing
Ordered monitor from Amazon costing ₹4770,office supplies
Internet broadband recharge Amazon ₹12230,utilities
Instagram ads charged Rs 8047 for promotion,marketing
Internet broadband recharge Google 5440,utilities
Subscription renewal HP amount ₹5443,software
Electricity bill payment Rs 6252,utilities
Ordered keyboard from Zomato costing ₹2474,office supplies
Instagram ads charged 2334 for promotion,marketing
Uber to client office ₹8436,travel
Uber to client office 55913,travel
Subscription renewal Zomato amount ₹9989,software
Instagram ads charged ₹14108 for promotion,marketing
Bought laptop for team 165079 from Adobe on 2025-11-18,equipment
Electricity bill payment ₹4160,utilities
Paid ₹14816 for Facebook ads campaign,marketing
Ordered desk from Adobe costing 650,office supplies
Renewal: domain Adobe payment ₹15962,cloud hosting
Electricity bill payment ₹5972,utilities
Paid ₹44045 for Amazon hosting,cloud hosting
Bought mouse for ₹12745 rupees from Adobe,office supplies
Instagram ads charged 10369 for promotion,marketing
Paid ₹34994 for Jio hosting,cloud hosting
Uber to client office 35649,travel
Flight ticket to conference 33833,travel
Renewal: domain Jio payment 30697,cloud hosting
Paid 9270 for Zoom hosting on 2025-11-18,cloud hosting
Purchased equipment: laptop ₹194246,equipment
Subscription renewal Airtel amount ₹14811,software
Uber to client office ₹24532,travel
Bought laptop for team 133250 from Swiggy,equipment
Ola cab fare 24226 for commute,travel
Paid ₹5921 for Uber hosting,cloud hosting
Ola cab fare ₹10898 for commute,travel
Purchased equipment: notebook Rs 146495,equipment
Paid 6983 for Facebook ads campaign,marketing
Paid 34253 for Amazon hosting,cloud hosting
Flight ticket to conference 43737,travel
Ola cab fare 58969 for commute,travel
Purchased equipment: pens ₹22404,equipment
Instagram ads charged 11762 for promotion,marketing
Paid ₹2015 for Facebook ads campaign,marketing
Paid ₹6156 for Facebook ads campaign,marketing
Ordered monitor from Microsoft costing ₹5733,office supplies
Instagram ads charged 2090 for promotion,marketing
Paid ₹2656 for Facebook ads campaign,marketing
Bought laptop for team 134232 from Airtel,equipment
Paid 12036 for Facebook ads campaign,marketing
Purchased equipment: office chair 46548 on 2025-11-18,equipment
Subscription renewal Adobe amount ₹1615,software
Monthly subscription Google 3739,software
Paid Rs 44572 for Zoom hosting,cloud hosting
Monthly subscription Adobe 9982,software
Freelancer payment Jio 188685,contractors
Ola cab fare 20290 for commute on 2025-11-18,travel
Internet broadband recharge Dell 13267,utilities
Electricity bill payment 2386,utilities
Ola cab fare ₹22081 for commute,travel
Consultant invoice paid 108337,contractors
Internet broadband recharge Dell 12473,utilities
Ola cab fare 2867 for commute,travel
Purchased equipment: mouse ₹68856 on 2025-11-18,equipment
Uber to client office 8238,travel
Purchased equipment: notebook ₹17456,equipment
Paid 38280 for Google hosting,cloud hosting
Purchased equipment: printer ink 107832,equipment
Instagram ads charged ₹2494 for promotion,marketing
Paid ₹966 for Facebook ads campaign,marketing
Freelancer payment Amazon 77457,contractors
Instagram ads charged 9910 for promotion,marketing
Ola cab fare 6380 for commute,travel
Paid 6211 for Facebook ads campaign,marketing
Instagram ads charged 2632 for promotion,marketing
Bought laptop for team 196789 from Swiggy on 2025-11-18,equipment
Internet broadband recharge Zomato 2009,utilities
Ola cab fare 9210 for commute,travel
Flight ticket to conference 1984,travel
Paid ₹5136 for Facebook ads campaign,marketing
Paid ₹5294 for Jio hosting,cloud hosting
Electricity bill payment ₹1866,utilities
Ordered printer ink from Adobe costing ₹14985 on 2025-11-18,office supplies
Bought printer ink for ₹12918 rupees from HP,office supplies
Monthly subscription GoDaddy ₹579,software
Uber to client office ₹23181,travel
Subscription renewal Zoom amount ₹1219,software
Bought notebook for ₹11827 rupees from Zoom,office supplies
Bought printer ink for 3606 rupees from Dell,office supplies
Instagram ads charged 3063 for promotion,marketing
Bought laptop for team 39581 from Uber,equipment
Bought laptop for team 104699 from GoDaddy on 2025-11-18,equipment
Flight ticket to conference ₹25317,travel
Ola cab fare 14902 for commute,travel
Monthly subscription Swiggy 14759,software
Instagram ads charged ₹11111 for promotion,marketing
Paid 26074 for Flipkart hosting on 2025-11-18,cloud hosting
Instagram ads charged ₹3361 for promotion,marketing
Consultant invoice paid 112333,contractors
Uber to client office 23437,travel
Purchased equipment: pens 48633,equipment
Purchased equipment: A4 paper ream ₹17791 on 2025-11-18,equipment
Paid 11937 for Adobe hosting,cloud hosting
Renewal: domain HP payment 43524,cloud hosting
Monthly subscription Ola 8132,software
Bought office chair for 7151 rupees from HP,office supplies
Consultant invoice paid ₹10432,contractors
Ola cab fare 32309 for commute,travel
Renewal: domain Google payment 43458,cloud hosting
Instagram ads charged ₹6512 for promotion,marketing
Consultant invoice paid ₹75563 on 2025-11-18,contractors
Ordered monitor from GoDaddy costing 5815,office supplies
Flight ticket to conference ₹28159,travel
Freelancer payment Amazon ₹65910,contractors
Paid ₹20182 for Zomato hosting,cloud hosting
Flight ticket to conference 43207,travel
Uber to client office ₹38634,travel
Consultant invoice paid 26618,contractors
Flight ticket to conference 53279,travel
Freelancer payment Jio 131272 on 2025-11-18,contractors
Monthly subscription Ola ₹878,software
Subscription renewal Google amount Rs 11858,software
Paid 31347 for Google hosting on 2025-11-18,cloud hosting
Ola cab fare 28471 for commute,travel
Uber to client office 29802,travel
Bought laptop for team 161216 from Swiggy,equipment
Internet broadband recharge Ola 13353,utilities
Ordered notebook from Zoom costing 6068,office supplies
Ola cab fare ₹26986 for commute,travel
Paid ₹27229 for Microsoft hosting,cloud hosting
Instagram ads charged 3968 for promotion,marketing
Subscription renewal HP amount 7704,software
Ordered A4 paper ream from Uber costing ₹4568,office supplies
Uber to client office Rs 11633,travel
Bought printer ink for 5243 rupees from Amazon,office supplies
Electricity bill payment Rs 11104,utilities
Paid 9454 for Facebook ads campaign,marketing
Bought laptop for team ₹33658 from Ola,equipment
Flight ticket to conference 48415,travel
Electricity bill payment ₹1850,utilities
Internet broadband recharge Jio 14237,utilities
Renewal: domain Airtel payment 27972,cloud hosting
Paid 11825 for Facebook ads campaign,marketing
Ordered office chair from Swiggy costing 11416,office supplies
Consultant invoice paid ₹180633,contractors
Internet broadband recharge Jio 6538,utilities
Subscription renewal Ola amount 14180,software
Electricity bill payment 4589,utilities
Purchased equipment: keyboard 97221,equipment
Instagram ads charged ₹8395 for promotion,marketing
Flight ticket to conference ₹50036,travel
Internet broadband recharge HP 150,utilities
Paid 16558 for Flipkart hosting,cloud hosting
Paid 11335 for Facebook ads campaign,marketing
Paid 11363 for Facebook ads campaign,marketing
Paid 12120 for Jio hosting,cloud hosting
Subscription renewal Amazon amount 9250,software
Internet broadband recharge Uber Rs 11589,utilities
Uber to client office ₹24212,travel
Bought desk for 7229 rupees from Dell,office supplies
Purchased equipment: notebook ₹197056,equipment
Uber to client office ₹25139,travel
Monthly subscription Swiggy 12006,software
Paid ₹4389 for Facebook ads campaign,marketing
Subscription renewal Airtel amount Rs 11311,software
Flight ticket to conference ₹45113,travel
Electricity bill payment ₹4298,utilities
Ordered notebook from Airtel costing 7815,office supplies
Ordered pens from Amazon costing 8366,office supplies
Freelancer payment GoDaddy 11780,contractors
Flight ticket to conference ₹8745,travel
Electricity bill payment ₹2014,utilities
Purchased equipment: pens 104527,equipment
Uber to client office 28658,travel
Paid ₹971 for Facebook ads campaign on 2025-11-18,marketing
Instagram ads charged ₹4363 for promotion,marketing
Renewal: domain Zomato payment 2873,cloud hosting
Internet broadband recharge Adobe 13958,utilities
Monthly subscription Swiggy 3059,software
Monthly subscription Google 8718,software
Subscription renewal HP amount ₹11190,software
Ola cab fare 25932 for commute on 2025-11-18,travel
Flight ticket to conference 5412,travel
Uber to client office 21689,travel
Flight ticket to conference ₹8575 on 2025-11-18,travel
Ola cab fare ₹48845 for commute,travel
Consultant invoice paid ₹67889,contractors
Consultant invoice paid ₹55584,contractors
Ola cab fare ₹8003 for commute,travel
Ola cab fare Rs 8704 for commute,travel
Monthly subscription Adobe 14606,software
Paid 24332 for HP hosting,cloud hosting
Ordered monitor from Zoom costing 7694,office supplies
Purchased equipment: desk ₹32012,equipment
Purchased equipment: A4 paper ream 43499,equipment
Electricity bill payment 881,utilities
Bought laptop for team 34768 from Jio,equipment
Freelancer payment Ola Rs 22435,contractors
Internet broadband recharge GoDaddy Rs 13910,utilities
Ola cab fare 47554 for commute,travel
Uber to client office ₹13932,travel
Uber to client office Rs 28529 on 2025-11-18,travel
Instagram ads charged 7639 for promotion,marketing
Purchased equipment: laptop 171675,equipment
Consultant invoice paid ₹23973 on 2025-11-18,contractors
Renewal: domain Swiggy payment 45815,cloud hosting
Paid 7239 for Facebook ads campaign,marketing
Paid Rs 9910 for Ola hosting,cloud hosting
Paid 8047 for Facebook ads campaign,marketing
Monthly subscription Ola Rs 13689 on 2025-11-18,software
Electricity bill payment 12176,utilities
Ordered keyboard from Adobe costing 8064,office supplies
Purchased equipment: office chair ₹148492,equipment
Paid ₹31220 for Ola hosting,cloud hosting
Freelancer payment Adobe ₹6454,contractors
Purchased equipment: mouse 70844,equipment
Internet broadband recharge GoDaddy 11945,utilities
Freelancer payment HP 43474,contractors
Purchased equipment: A4 paper ream ₹62293,equipment
Electricity bill payment ₹3945 on 2025-11-18,utilities
Bought pens for 5949 rupees from Airtel,office supplies
Bought laptop for team 98535 from Amazon,equipment
Subscription renewal Adobe amount 5675,software
Uber to client office 56028,travel
Ordered mouse from Zomato costing 13190 on 2025-11-18,office supplies
Renewal: domain HP payment 40154,cloud hosting
Ordered printer ink from Zoom costing 2836,office supplies
Instagram ads charged 11702 for promotion,marketing
Renewal: domain GoDaddy payment 22128,cloud hosting
Electricity bill payment 4119,utilities
Instagram ads charged 6201 for promotion,marketing
Subscription renewal GoDaddy amount 7009,software
Electricity bill payment 14065,utilities
Internet broadband recharge GoDaddy 11857 on 2025-11-18,utilities
Flight ticket to conference ₹28547,travel
Paid 1047 for Facebook ads campaign,marketing
Bought laptop for team 115382 from Ola,equipment
Flight ticket to conference 617,travel
Paid 7410 for Facebook ads campaign,marketing
Internet broadband recharge Dell 14643,utilities
Ola cab fare ₹35321 for commute,travel
Paid ₹4751 for Facebook ads campaign,marketing
Ola cab fare Rs 49713 for commute,travel
Uber to client office 47712,travel
Freelancer payment Ola ₹93923,contractors
Renewal: domain Adobe payment 37715,cloud hosting
Subscription renewal Airtel amount 4761,software
Paid 8614 for Facebook ads campaign,marketing
Monthly subscription Swiggy ₹7543,software
Electricity bill payment 1118,utilities
Paid 26594 for Airtel hosting,cloud hosting
Uber to client office 41811,travel
Purchased equipment: keyboard ₹52688,equipment
Internet broadband recharge GoDaddy 14243,utilities
Ordered A4 paper ream from Dell costing 9259,office supplies
Electricity bill payment Rs 6155,utilities
Freelancer payment Ola ₹80497 on 2025-11-18,contractors
Paid ₹7010 for Facebook ads campaign,marketing
Ola cab fare Rs 53782 for commute,travel
Paid 27566 for Swiggy hosting,cloud hosting
Flight ticket to conference 31244,travel
Paid 12579 for Facebook ads campaign,marketing
Flight ticket to conference 43648,travel
Flight ticket to conference 44038,travel
Instagram ads charged 9471 for promotion,marketing
Renewal: domain Microsoft payment ₹5780,cloud hosting
Ordered desk from Google costing 3203 on 2025-11-18,office supplies
Instagram ads charged ₹12990 for promotion,marketing
Internet broadband recharge Flipkart ₹10042,utilities
Purchased equipment: office chair 99117,equipment
Flight ticket to conference ₹6065 on 2025-11-18,travel
Instagram ads charged ₹3092 for promotion on 2025-11-18,marketing
Ola cab fare 3960 for commute on 2025-11-18,travel
Ordered keyboard from Ola costing ₹1717,office supplies
Flight ticket to conference Rs 54346,travel
Subscription renewal Adobe amount 12427,software
Flight ticket to conference ₹26778 on 2025-11-18,travel
Subscription renewal Zomato amount 4509 on 2025-11-18,software
Paid 6764 for Facebook ads campaign,marketing
Paid 2855 for Facebook ads campaign,marketing
Internet broadband recharge Amazon 13414,utilities
Instagram ads charged ₹8000 for promotion,marketing
Consultant invoice paid 154395,contractors
Paid 26106 for Ola hosting,cloud hosting
Uber to client office 13918,travel
Flight ticket to conference 49428,travel
Flight ticket to conference 30233,travel
Paid 10074 for Facebook ads campaign,marketing
Electricity bill payment Rs 12592,utilities
Paid 44214 for Zoom hosting,cloud hosting
Consultant invoice paid 94838,contractors
Bought mouse for 6169 rupees from Flipkart,office supplies
Bought pens for 11250 rupees from HP on 2025-11-18,office supplies
Ola cab fare 15452 for commute on 2025-11-18,travel
Purchased equipment: laptop ₹64810,equipment
Consultant invoice paid 150186,contractors
Instagram ads charged 2201 for promotion,marketing
Subscription renewal Zomato amount 12042,software
Uber to client office 57974,travel
Ordered monitor from Swiggy costing 7186,office supplies
Bought laptop for team Rs 104757 from Adobe,equipment
Ordered keyboard from Ola costing Rs 8823,office supplies
Paid 1862 for Zomato hosting,cloud hosting
Paid ₹13102 for Zomato hosting,cloud hosting
Renewal: domain Amazon payment 28508,cloud hosting
Flight ticket to conference ₹16297,travel
Flight ticket to conference ₹53946,travel
Paid Rs 40803 for HP hosting,cloud hosting
Renewal: domain Flipkart payment 2385,cloud hosting
Paid ₹997 for Facebook ads campaign,marketing
Paid ₹36851 for Flipkart hosting,cloud hosting
Consultant invoice paid 198122,contractors
Bought keyboard for 7705 rupees from Adobe,office supplies
Flight ticket to conference 29858 on 2025-11-18,travel
Bought printer ink for 9813 rupees from Google,office supplies
Bought laptop for team 120364 from Ola,equipment
Paid ₹1091 for Facebook ads campaign,marketing
Bought laptop for team 91576 from Microsoft,equipment
Purchased equipment: laptop ₹99889,equipment
Bought laptop for team ₹25025 from Google,equipment
Ordered monitor from Jio costing 3301,office supplies
Paid 43968 for Airtel hosting,cloud hosting
Flight ticket to conference 37199,travel
Instagram ads charged Rs 14454 for promotion,marketing
Bought notebook for ₹11457 rupees from Microsoft,office supplies
Subscription renewal Adobe amount 13326,software
Bought office chair for 1308 rupees from Airtel,office supplies
Internet broadband recharge Uber 12642,utilities
Ola cab fare ₹58124 for commute,travel
Subscription renewal GoDaddy amount ₹452,software
Renewal: domain Amazon payment 25033,cloud hosting
Monthly subscription Ola 4034,software
Bought laptop for team Rs 123696 from HP,equipment
Paid 3240 for Facebook ads campaign,marketing
Electricity bill payment 856,utilities
Ola cab fare ₹21574 for commute,travel
Uber to client office 55904,travel
Paid 43683 for HP hosting,cloud hosting
Bought laptop for team 146024 from Airtel,equipment
Purchased equipment: mouse ₹134192,equipment
Ordered notebook from Uber costing ₹14761,office supplies
Consultant invoice paid 112417,contractors
Freelancer payment Ola ₹23219 on 2025-11-18,contractors
Internet broadband recharge Zoom 3871,utilities
Electricity bill payment 7186,utilities
Consultant invoice paid ₹116785,contractors
Freelancer payment Zomato 78206,contractors
Uber to client office ₹6549,travel
Monthly subscription Airtel ₹11160,software
Uber to client office 9135,travel
Uber to client office 18571,travel
Consultant invoice paid 199654,contractors
Paid ₹3828 for Facebook ads campaign,marketing
Purchased equipment: desk 163879,equipment
Internet broadband recharge Airtel 5229,utilities
Electricity bill payment Rs 7472,utilities
Paid 8288 for Facebook ads campaign,marketing
Electricity bill payment 12598,utilities
Bought office chair for ₹2379 rupees from Google,office supplies
Flight ticket to conference 59983,travel
Monthly subscription Jio 8857,software
Internet broadband recharge Microsoft ₹1627,utilities
Instagram ads charged ₹8105 for promotion,marketing
Consultant invoice paid ₹62089,contractors
Internet broadband recharge Amazon ₹8595,utilities
Electricity bill payment ₹1914,utilities
Paid 8715 for Jio hosting,cloud hosting
Purchased equipment: laptop 160756,equipment
Internet broadband recharge Ola 221,utilities
Subscription renewal Zoom amount 9426,software
Paid 22926 for Ola hosting,cloud hosting
Instagram ads charged 3042 for promotion,marketing
Instagram ads charged 1665 for promotion,marketing
Instagram ads charged Rs 4882 for promotion,marketing
Monthly subscription Zomato 6838,software
Paid 33256 for HP hosting,cloud hosting
Uber to client office Rs 3025,travel
Internet broadband recharge Jio 12321 on 2025-11-18,utilities
Uber to client office 21537,travel
Paid 46965 for Zoom hosting,cloud hosting
Instagram ads charged ₹10044 for promotion,marketing
Consultant invoice paid 177001,contractors
Freelancer payment GoDaddy ₹188278,contractors
Monthly subscription Adobe 13805,software
Renewal: domain Jio payment ₹29297 on 2025-11-18,cloud hosting
Consultant invoice paid 66457 on 2025-11-18,contractors
Electricity bill payment 5623 on 2025-11-18,utilities
Renewal: domain HP payment ₹47648,cloud hosting
Renewal: domain Swiggy payment 21347,cloud hosting
Consultant invoice paid ₹61924,contractors
Instagram ads charged ₹10815 for promotion,marketing
Internet broadband recharge Uber 10880,utilities
Paid ₹27141 for Zomato hosting,cloud hosting
Renewal: domain Dell payment ₹37503,cloud hosting
Flight ticket to conference 44526,travel
Instagram ads charged Rs 14051 for promotion on 2025-11-18,marketing
Internet broadband recharge Jio 10595,utilities
Bought office chair for 10198 rupees from Uber,office supplies
Electricity bill payment ₹10254,utilities
Purchased equipment: notebook 49759,equipment
Internet broadband recharge Dell ₹2299,utilities
Ordered keyboard from Zoom costing 10717,office supplies
Flight ticket to conference 13588,travel
Subscription renewal HP amount 10062,software
Bought mouse for Rs 1246 rupees from Flipkart,office supplies
Monthly subscription GoDaddy 2945,software
Subscription renewal Zoom amount 7083,software
Subscription renewal Jio amount ₹10026,software
Internet broadband recharge Microsoft 4554,utilities
Freelancer payment Jio 44978,contractors
Electricity bill payment 13528,utilities
Electricity bill payment 12533,utilities
Instagram ads charged ₹7696 for promotion,marketing
Purchased equipment: monitor 45823,equipment
Bought desk for 12066 rupees from Amazon,office supplies
Consultant invoice paid 101673,contractors
Electricity bill payment 2139,utilities
Electricity bill payment 8449,utilities
Ordered keyboard from Microsoft costing 7047 on 2025-11-18,office supplies
Freelancer payment Microsoft 183837,contractors
Paid 9965 for Facebook ads campaign,marketing
Renewal: domain HP payment 42431,cloud hosting
Paid ₹27918 for Zoom hosting,cloud hosting
Ola cab fare 43254 for commute,travel
Paid 22770 for Flipkart hosting,cloud hosting
Consultant invoice paid 2683 on 2025-11-18,contractors
Paid 34603 for HP hosting,cloud hosting
Instagram ads charged ₹11635 for promotion,marketing
Bought laptop for team 158659 from Flipkart on 2025-11-18,equipment
Instagram ads charged 4349 for promotion,marketing
Renewal: domain Swiggy payment ₹5430,cloud hosting
Uber to client office 2044,travel
Renewal: domain Amazon payment Rs 17637,cloud hosting
Ordered notebook from Flipkart costing 8657,office supplies
Uber to client office 31113,travel
Flight ticket to conference 23772 on 2025-11-18,travel
Freelancer payment Swiggy ₹27260,contractors
Consultant invoice paid 7731,contractors
Subscription renewal Airtel amount 10231,software
Monthly subscription Amazon 372,software
Flight ticket to conference 15406,travel
Paid 31403 for Airtel hosting,cloud hosting
Consultant invoice paid 52138,contractors
Bought laptop for team 140528 from Amazon,equipment
Internet broadband recharge GoDaddy 1995,utilities
Instagram ads charged 1828 for promotion,marketing
Flight ticket to conference ₹50320,travel
Purchased equipment: printer ink ₹184450,equipment
Purchased equipment: monitor 68669,equipment
Flight ticket to conference 42955,travel
Subscription renewal Uber amount ₹1995 on 2025-11-18,software
Flight ticket to conference 12431,travel
Flight ticket to conference ₹48394 on 2025-11-18,travel
Monthly subscription Swiggy ₹7041,software
Paid ₹9779 for Facebook ads campaign,marketing
Internet broadband recharge Airtel 13471,utilities
Internet broadband recharge GoDaddy ₹4743,utilities
Ordered monitor from Google costing 5160,office supplies
Purchased equipment: notebook ₹139767,equipment
Ordered monitor from HP costing 2601,office supplies
Subscription renewal Dell amount 14279,software
Ola cab fare 1513 for commute,travel
Freelancer payment HP ₹103514,contractors
Ola cab fare 46047 for commute,travel
Ordered pens from Swiggy costing 7596,office supplies
Purchased equipment: A4 paper ream ₹64988,equipment
Bought laptop for 1770 rupees from Airtel,office supplies
Electricity bill payment ₹1022,utilities
Instagram ads charged 8544 for promotion,marketing
Consultant invoice paid ₹32143,contractors
Instagram ads charged 12811 for promotion,marketing
Internet broadband recharge Swiggy 4609 on 2025-11-18,utilities
Renewal: domain Flipkart payment 32261,cloud hosting
Purchased equipment: printer ink ₹165419,equipment
Electricity bill payment ₹2151 on 2025-11-18,utilities
Instagram ads charged 6551 for promotion,marketing
Purchased equipment: desk 163281,equipment
Monthly subscription Microsoft 3060 on 2025-11-18,software
Internet broadband recharge HP ₹2115,utilities
Instagram ads charged Rs 4306 for promotion,marketing
Bought laptop for team ₹152718 from Ola,equipment
Bought pens for 856 rupees from Uber,office supplies
Internet broadband recharge GoDaddy 8135,utilities
Freelancer payment Google ₹134848 on 2025-11-18,contractors
Ordered office chair from Uber costing ₹3181,office supplies
Monthly subscription GoDaddy ₹9145,software
Paid ₹7014 for Facebook ads campaign,marketing
Consultant invoice paid 105873,contractors
Paid 1256 for Facebook ads campaign,marketing
Monthly subscription Dell 9334,software
Electricity bill payment 5283 on 2025-11-18,utilities
Subscription renewal Flipkart amount 2141,software
Flight ticket to conference 23877,travel
Subscription renewal Ola amount 1704,software
Renewal: domain HP payment 11716,cloud hosting
Purchased equipment: desk 101462,equipment
Renewal: domain Zomato payment ₹11390,cloud hosting
Instagram ads charged 9138 for promotion,marketing
Paid 11350 for Facebook ads campaign,marketing
Consultant invoice paid 14858,contractors
Subscription renewal Microsoft amount 6952,software
Internet broadband recharge Zoom 4619,utilities
Subscription renewal Ola amount 5107 on 2025-11-18,software
Paid ₹6336 for Flipkart hosting on 2025-11-18,cloud hosting
Ola cab fare 53075 for commute,travel
Bought laptop for team 135738 from Zomato,equipment
Renewal: domain Jio payment ₹40588,cloud hosting
Bought keyboard for 11611 rupees from Dell,office supplies
Bought laptop for team 21103 from Microsoft,equipment
Bought laptop for team ₹55826 from Zomato,equipment
Bought laptop for team 120814 from Airtel,equipment
Flight ticket to conference 54608 on 2025-11-18,travel
Ola cab fare ₹17450 for commute,travel
Consultant invoice paid 169551,contractors
Purchased equipment: monitor 11544,equipment
Bought A4 paper ream for 6687 rupees from Airtel,office supplies
Paid 10273 for Zoom hosting on 2025-11-18,cloud hosting
Uber to client office 26010,travel
Uber to client office 43109,travel
Electricity bill payment 14576,utilities
Ordered keyboard from GoDaddy costing 6998,office supplies
Monthly subscription Adobe 2046,software
Paid 8322 for Facebook ads campaign,marketing
Paid ₹13087 for Facebook ads campaign,marketing
Bought laptop for team 23641 from Amazon,equipment
Bought mouse for ₹4842 rupees from Jio on 2025-11-18,office supplies
Electricity bill payment 2598,utilities
Renewal: domain Swiggy payment ₹46137,cloud hosting
Monthly subscription Adobe 11587,software
Paid 2267 for Facebook ads campaign,marketing
Paid ₹10200 for Facebook ads campaign,marketing
Consultant invoice paid 81332,contractors
Electricity bill payment Rs 8453 on 2025-11-18,utilities
Freelancer payment Ola 187537 on 2025-11-18,contractors
Ordered office chair from Amazon costing 10920,office supplies
Renewal: domain Jio payment 16732,cloud hosting
Renewal: domain Microsoft payment 44958,cloud hosting
Freelancer payment Dell 139638,contractors
Consultant invoice paid 35205 on 2025-11-18,contractors
Monthly subscription Uber ₹1716,software
Flight ticket to conference ₹49972,travel
Ordered notebook from GoDaddy costing 6951,office supplies
Freelancer payment Zomato 118566,contractors
Purchased equipment: desk 142086,equipment
Paid ₹9376 for Facebook ads campaign,marketing
Monthly subscription Dell 8210,software
Instagram ads charged 6393 for promotion,marketing
Monthly subscription GoDaddy 2721 on 2025-11-18,software
Bought laptop for team 195533 from Adobe,equipment
Ola cab fare ₹36285 for commute,travel
Subscription renewal Ola amount ₹10579,software
Paid 10625 for Facebook ads campaign,marketing
Renewal: domain Amazon payment 41663 on 2025-11-18,cloud hosting
Uber to client office 26861,travel
Bought monitor for 3692 rupees from Swiggy,office supplies
Bought laptop for 1843 rupees from Zoom,office supplies
Uber to client office ₹36202,travel
Flight ticket to conference 38219,travel
Internet broadband recharge Uber ₹6139,utilities
Purchased equipment: mouse 58503,equipment
Instagram ads charged ₹444 for promotion,marketing
Consultant invoice paid ₹50243 on 2025-11-18,contractors
Subscription renewal Adobe amount 1742,software
Bought printer ink for 6291 rupees from Google on 2025-11-18,office supplies
Ordered notebook from GoDaddy costing ₹12717,office supplies
Bought office chair for ₹13070 rupees from HP,office supplies
Flight ticket to conference ₹13359,travel
Internet broadband recharge Swiggy ₹5136,utilities
Ordered pens from Zoom costing Rs 10380 on 2025-11-18,office supplies
Ola cab fare 58194 for commute,travel
Bought keyboard for ₹6414 rupees from Uber,office supplies
Subscription renewal Zomato amount 11351 on 2025-11-18,software
Instagram ads charged 1766 for promotion on 2025-11-18,marketing
Flight ticket to conference 5657,travel
Bought laptop for team 57543 from Airtel,equipment
Ola cab fare 22931 for commute,travel
Freelancer payment Zomato 187464,contractors
Paid ₹5347 for Facebook ads campaign,marketing
Purchased equipment: printer ink 39665,equipment
Paid 12119 for Airtel hosting,cloud hosting
Purchased equipment: keyboard 167743,equipment
Subscription renewal Jio amount 9100,software
Subscription renewal Jio amount 9618,software
Subscription renewal Dell amount 3953,software
Freelancer payment Zoom Rs 36020,contractors
Paid 2461 for Facebook ads campaign,marketing
Electricity bill payment ₹13663,utilities
Renewal: domain Dell payment 24937,cloud hosting
Ordered printer ink from Dell costing 10958,office supplies
Instagram ads charged ₹6084 for promotion,marketing
Bought keyboard for 2552 rupees from Google,office supplies
Bought laptop for team 133256 from Dell,equipment
Bought printer ink for ₹2654 rupees from Ola,office supplies
Instagram ads charged 278 for promotion,marketing
Internet broadband recharge Zoom 9472,utilities
Instagram ads charged 8644 for promotion,marketing
Consultant invoice paid 58385,contractors
Paid ₹31487 for Swiggy hosting,cloud hosting
Consultant invoice paid 98380 on 2025-11-18,contractors
Paid ₹22185 for Airtel hosting,cloud hosting
Renewal: domain Flipkart payment ₹39332,cloud hosting
Monthly subscription Zoom 10559 on 2025-11-18,software
Ordered mouse from Google costing ₹848 on 2025-11-18,office supplies
Ola cab fare ₹49362 for commute,travel
Monthly subscription Airtel 11989,software
Flight ticket to conference 6719 on 2025-11-18,travel
Consultant invoice paid ₹10806,contractors
Internet broadband recharge Flipkart ₹11871,utilities
Paid 8318 for Facebook ads campaign,marketing
Flight ticket to conference ₹22318,travel
Electricity bill payment ₹4017,utilities
Paid Rs 41342 for GoDaddy hosting on 2025-11-18,cloud hosting
Ola cab fare ₹32796 for commute,travel
Ola cab fare 18457 for commute on 2025-11-18,travel
Internet broadband recharge Ola 4294,utilities
Renewal: domain Google payment 2794,cloud hosting
Paid 8496 for Facebook ads campaign,marketing
Electricity bill payment 4406 on 2025-11-18,utilities
Ordered notebook from Dell costing Rs 11564,office supplies
Ola cab fare Rs 37464 for commute,travel
Internet broadband recharge Microsoft 5816,utilities
Internet broadband recharge Flipkart 3053,utilities
Electricity bill payment ₹5485,utilities
Purchased equipment: mouse ₹39969 on 2025-11-18,equipment
Paid ₹10589 for Facebook ads campaign,marketing
Consultant invoice paid 113750,contractors
Bought keyboard for ₹4521 rupees from HP,office supplies
Paid ₹6736 for Facebook ads campaign,marketing
Internet broadband recharge Swiggy ₹8697,utilities
Instagram ads charged 1614 for promotion,marketing
Ola cab fare 22990 for commute,travel
Instagram ads charged 5911 for promotion,marketing
Monthly subscription Flipkart ₹10200,software
Flight ticket to conference 58853,travel
Renewal: domain HP payment Rs 17423,cloud hosting
Paid Rs 10568 for Facebook ads campaign,marketing
Monthly subscription Jio ₹12787,software
Freelancer payment Uber Rs 179160,contractors
Bought pens for 8326 rupees from Ola,office supplies
Internet broadband recharge Jio 5862,utilities
Flight ticket to conference 30169,travel
Electricity bill payment 13945,utilities
Renewal: domain Flipkart payment 6074,cloud hosting
Purchased equipment: laptop ₹152798,equipment
Ordered pens from Microsoft costing 14054,office supplies
Consultant invoice paid 124096,contractors
Internet broadband recharge Jio 224,utilities
Uber to client office 20245,travel
Subscription renewal Amazon amount ₹635,software
Freelancer payment Swiggy 195313,contractors
Electricity bill payment ₹6512,utilities
Ordered laptop from HP costing ₹7130,office supplies
Instagram ads charged ₹8575 for promotion,marketing
Paid 10445 for Facebook ads campaign,marketing
Uber to client office 10523 on 2025-11-18,travel
Electricity bill payment ₹2607,utilities
Paid 1857 for Google hosting,cloud hosting
Freelancer payment GoDaddy 172054,contractors
Subscription renewal Dell amount ₹12722 on 2025-11-18,software
Paid ₹41319 for Zomato hosting,cloud hosting
Renewal: domain Flipkart payment ₹39252,cloud hosting
Uber to client office ₹6180,travel
Monthly subscription Jio 8145,software
Paid 24792 for Uber hosting,cloud hosting
Instagram ads charged 266 for promotion,marketing
Ordered monitor from Flipkart costing 5781,office supplies
Instagram ads charged ₹2092 for promotion on 2025-11-18,marketing
Bought desk for ₹12567 rupees from Zoom,office supplies
Renewal: domain Zomato payment ₹2133,cloud hosting
Paid ₹7990 for Facebook ads campaign on 2025-11-18,marketing
Ola cab fare 28677 for commute,travel
Instagram ads charged ₹6536 for promotion,marketing
Ola cab fare 47420 for commute,travel
Uber to client office ₹40923,travel
Monthly subscription Google 6226,software
Ordered pens from Zoom costing 9715,office supplies
Bought laptop for team ₹17848 from Airtel,equipment
Electricity bill payment ₹5961,utilities
Freelancer payment Airtel ₹83431,contractors
Bought monitor for 3602 rupees from Dell,office supplies
Paid ₹39639 for Jio hosting,cloud hosting
Uber to client office 57991,travel
Electricity bill payment 5306 on 2025-11-18,utilities
Purchased equipment: office chair 81936,equipment
Flight ticket to conference 15594,travel
Bought mouse for ₹4759 rupees from Zomato,office supplies
Ordered desk from Zomato costing ₹8742,office supplies
Paid 27402 for Adobe hosting,cloud hosting
Consultant invoice paid Rs 83096,contractors
Internet broadband recharge Adobe 13912 on 2025-11-18,utilities
Ordered office chair from Swiggy costing ₹2373,office supplies
Electricity bill payment ₹1542,utilities
Freelancer payment Swiggy 2295,contractors
Ordered office chair from Flipkart costing ₹5085,office supplies
Consultant invoice paid 37113,contractors
Paid 14645 for Facebook ads campaign,marketing
Renewal: domain Zoom payment 15962,cloud hosting
Flight ticket to conference ₹14900,travel
Paid 16084 for Airtel hosting,cloud hosting
Paid ₹4149 for Flipkart hosting,cloud hosting
Internet broadband recharge Swiggy 3178,utilities
Bought laptop for team 91743 from Zoom,equipment
Renewal: domain Zomato payment 14538,cloud hosting
Bought laptop for team ₹59270 from Uber,equipment
Ola cab fare ₹42592 for commute,travel
Renewal: domain Dell payment ₹15965,cloud hosting
Uber to client office 43477 on 2025-11-18,travel
Paid ₹14097 for Airtel hosting,cloud hosting
Bought laptop for team ₹125694 from Airtel on 2025-11-18,equipment
Consultant invoice paid ₹51838,contractors
Uber to client office 32449 on 2025-11-18,travel
Subscription renewal Flipkart amount ₹1987 on 2025-11-18,software
Uber to client office ₹34973,travel
Consultant invoice paid ₹27556,contractors
Uber to client office 11308,travel
Ola cab fare ₹6276 for commute,travel
Purchased equipment: pens ₹190338,equipment
Paid 21968 for GoDaddy hosting on 2025-11-18,cloud hosting
Purchased equipment: monitor ₹15459,equipment
Paid 39128 for GoDaddy hosting on 2025-11-18,cloud hosting
Subscription renewal Adobe amount 840,software
Subscription renewal Zoom amount 2841 on 2025-11-18,software
Flight ticket to conference 48256,travel
Uber to client office 988,travel
Bought laptop for team ₹136970 from HP,equipment
Bought keyboard for ₹14129 rupees from GoDaddy,office supplies
Freelancer payment Adobe 65059,contractors
Monthly subscription Dell 3275 on 2025-11-18,software
Uber to client office 59031,travel
Instagram ads charged ₹14648 for promotion,marketing
Uber to client office 2793,travel
Renewal: domain Jio payment 37336,cloud hosting
Bought A4 paper ream for 7740 rupees from Adobe,office supplies
Instagram ads charged ₹4822 for promotion,marketing
Internet broadband recharge Amazon 4736,utilities
Bought monitor for Rs 10917 rupees from Jio,office supplies
Ola cab fare 43702 for commute,travel
Uber to client office Rs 28414,travel
Purchased equipment: monitor 75202,equipment
Renewal: domain Zomato payment 19993,cloud hosting
Flight ticket to conference 9221,travel
Monthly subscription Ola ₹1502,software
Internet broadband recharge Zoom 6259 on 2025-11-18,utilities
Bought laptop for team 142072 from Adobe,equipment
Electricity bill payment 6821 on 2025-11-18,utilities
Electricity bill payment 10179,utilities
Freelancer payment GoDaddy 143414 on 2025-11-18,contractors
Consultant invoice paid ₹176657,contractors
Bought laptop for team ₹32192 from Adobe,equipment
Renewal: domain Airtel payment 6583,cloud hosting
Ordered laptop from Flipkart costing 11149,office supplies
Bought laptop for team ₹139841 from GoDaddy,equipment
Paid Rs 11882 for Facebook ads campaign,marketing
Monthly subscription Flipkart ₹100,software
Bought laptop for team ₹63554 from Flipkart on 2025-11-18,equipment
Bought laptop for team 24589 from Adobe,equipment
Instagram ads charged 13890 for promotion,marketing
Internet broadband recharge Swiggy 2118,utilities
Subscription renewal GoDaddy amount 12251,software
Ola cab fare 38685 for commute,travel
Renewal: domain Adobe payment ₹28041,cloud hosting
Renewal: domain Google payment Rs 922,cloud hosting
Internet broadband recharge Amazon 2382,utilities
Instagram ads charged 14122 for promotion,marketing
Bought laptop for team ₹26453 from Jio,equipment
Flight ticket to conference 18341,travel
Paid 24875 for Zomato hosting,cloud hosting
Bought laptop for team ₹77954 from HP,equipment
Freelancer payment Google ₹106846 on 2025-11-18,contractors
Instagram ads charged ₹10999 for promotion,marketing
Purchased equipment: notebook ₹72027,equipment
Consultant invoice paid ₹17874,contractors
Ordered printer ink from Swiggy costing 7334,office supplies
Instagram ads charged 11547 for promotion,marketing
Monthly subscription Uber 8146,software
Instagram ads charged Rs 13349 for promotion on 2025-11-18,marketing
Renewal: domain Uber payment 9411,cloud hosting
Paid 44919 for Airtel hosting,cloud hosting
Purchased equipment: notebook 159519,equipment
Paid 7290 for Facebook ads campaign on 2025-11-18,marketing
Paid ₹19744 for GoDaddy hosting,cloud hosting
Ordered desk from Google costing ₹5521,office supplies
Ola cab fare Rs 25686 for commute,travel
Ola cab fare ₹37806 for commute,travel
Bought laptop for team ₹172174 from Ola,equipment
Renewal: domain Google payment Rs 17439,cloud hosting
Monthly subscription Airtel ₹2382,software
Flight ticket to conference 15541,travel
Ordered printer ink from Airtel costing 6919 on 2025-11-18,office supplies
Purchased equipment: pens ₹199616 on 2025-11-18,equipment
Bought laptop for team 123119 from Uber,equipment
Subscription renewal Amazon amount 531,software
Consultant invoice paid 145833,contractors
Paid ₹9103 for Facebook ads campaign,marketing
Freelancer payment Airtel Rs 90948,contractors
Bought keyboard for 12346 rupees from Uber,office supplies
Ordered office chair from HP costing 14407 on 2025-11-18,office supplies
Paid ₹4730 for Facebook ads campaign,marketing
Subscription renewal Ola amount 10030,software
Paid 13691 for Ola hosting,cloud hosting
Subscription renewal Adobe amount 6111,software
Bought laptop for team 93586 from Zomato on 2025-11-18,equipment
Electricity bill payment ₹8066,utilities
Paid ₹3877 for Facebook ads campaign,marketing
Renewal: domain Airtel payment 2550,cloud hosting
Internet broadband recharge Flipkart 8274,utilities
Ola cab fare ₹4013 for commute,travel
Purchased equipment: keyboard 110837,equipment
Electricity bill payment ₹10920,utilities
Freelancer payment Zomato 160577,contractors
Uber to client office 14291,travel
Electricity bill payment 12922 on 2025-11-18,utilities
Renewal: domain Zoom payment 47470,cloud hosting
Internet broadband recharge Jio 11883,utilities
Consultant invoice paid 35569,contractors
Uber to client office 50650,travel
Uber to client office ₹43303,travel
Bought pens for 9413 rupees from Flipkart,office supplies
Internet broadband recharge Adobe ₹7307 on 2025-11-18,utilities
Freelancer payment Adobe 58106 on 2025-11-18,contractors
Flight ticket to conference ₹11883,travel
Uber to client office ₹8437,travel
Ordered printer ink from Uber costing ₹10824,office supplies
Internet broadband recharge Google 787,utilities
Uber to client office 44558,travel
Ordered notebook from Google costing ₹5829,office supplies
Renewal: domain Zoom payment ₹15730,cloud hosting
Electricity bill payment ₹14449 on 2025-11-18,utilities
Freelancer payment Airtel 171912,contractors
Bought monitor for ₹830 rupees from GoDaddy,office supplies
Bought laptop for 3564 rupees from Flipkart,office supplies
Bought laptop for team ₹196866 from HP,equipment
Ordered A4 paper ream from Microsoft costing 6343,office supplies
Subscription renewal Google amount 9511,software
Renewal: domain Swiggy payment 3570,cloud hosting
Flight ticket to conference 54888,travel
Freelancer payment Uber 83527,contractors
Electricity bill payment Rs 5866,utilities
Purchased equipment: notebook 127694,equipment
Paid 4113 for Facebook ads campaign,marketing
Paid ₹13139 for Facebook ads campaign,marketing
Paid 33297 for Jio hosting,cloud hosting
Monthly subscription Zomato 14459,software
Purchased equipment: printer ink 43134 on 2025-11-18,equipment
Instagram ads charged 8536 for promotion,marketing
Freelancer payment GoDaddy 183695 on 2025-11-18,contractors
Flight ticket to conference ₹40511,travel
Paid 29618 for Dell hosting,cloud hosting
Electricity bill payment ₹11570,utilities
Bought laptop for team 12040 from Flipkart,equipment
Consultant invoice paid 47326,contractors
Renewal: domain Uber payment ₹32528,cloud hosting
Bought laptop for team ₹121854 from Google,equipment
Instagram ads charged 13436 for promotion,marketing
Electricity bill payment 9523,utilities
Instagram ads charged 4586 for promotion,marketing
Uber to client office 15283,travel
Bought laptop for team Rs 17169 from HP,equipment
Monthly subscription Amazon 13739,software
Electricity bill payment ₹8634,utilities
Renewal: domain Dell payment 29324 on 2025-11-18,cloud hosting
Paid 5895 for Facebook ads campaign,marketing
Paid ₹33430 for Airtel hosting,cloud hosting
Bought laptop for team 195285 from Microsoft on 2025-11-18,equipment
Renewal: domain Zomato payment ₹21009,cloud hosting
Ordered office chair from Microsoft costing ₹4129,office supplies
Subscription renewal Microsoft amount 4446,software
Purchased equipment: A4 paper ream Rs 62054,equipment
Monthly subscription Amazon 1202,software
Ordered pens from Jio costing 10149,office supplies
Purchased equipment: A4 paper ream 88669,equipment
Purchased equipment: keyboard 166720 on 2025-11-18,equipment
Renewal: domain Zomato payment 27698,cloud hosting
Renewal: domain GoDaddy payment 21099,cloud hosting
Paid 13864 for Facebook ads campaign,marketing
Subscription renewal Amazon amount 4489,software
Ordered monitor from Zoom costing 4386,office supplies
Electricity bill payment ₹995,utilities
Flight ticket to conference 20318,travel
Monthly subscription HP 10148,software
Bought keyboard for 1578 rupees from HP,office supplies
Paid ₹34190 for Microsoft hosting,cloud hosting
Instagram ads charged 6580 for promotion,marketing
Freelancer payment Airtel 57522 on 2025-11-18,contractors
Bought desk for 1779 rupees from HP on 2025-11-18,office supplies
Ola cab fare 15173 for commute on 2025-11-18,travel
Renewal: domain Swiggy payment 43144,cloud hosting
Paid 33263 for Flipkart hosting,cloud hosting
Bought desk for Rs 10010 rupees from Dell,office supplies
Consultant invoice paid 82838,contractors
Ola cab fare ₹13381 for commute,travel
Purchased equipment: pens ₹122599,equipment
Uber to client office 59584,travel
Purchased equipment: keyboard 107710,equipment
Bought notebook for 7425 rupees from Jio,office supplies
Flight ticket to conference 6351,travel
Subscription renewal Flipkart amount 6705,software
Subscription renewal Amazon amount 4229,software
Ordered laptop from Airtel costing Rs 9909,office supplies
Purchased equipment: mouse 92055,equipment
Purchased equipment: desk 31347 on 2025-11-18,equipment
Paid 2755 for Facebook ads campaign,marketing
Renewal: domain Amazon payment ₹32652,cloud hosting
Purchased equipment: desk 119614,equipment
Ola cab fare ₹34341 for commute,travel
Instagram ads charged 8672 for promotion,marketing
Freelancer payment Zoom 66860,contractors
Paid Rs 11815 for Facebook ads campaign,marketing
Paid ₹191 for Facebook ads campaign,marketing
Renewal: domain Zoom payment ₹21894,cloud hosting
Instagram ads charged 10525 for promotion,marketing
Monthly subscription Ola 13547,software
Freelancer payment Google 67781,contractors
Paid ₹4687 for Facebook ads campaign,marketing
Paid 9722 for Facebook ads campaign,marketing
Uber to client office 43910 on 2025-11-18,travel
Subscription renewal Uber amount 13262,software
Bought printer ink for 14779 rupees from Airtel,office supplies
Electricity bill payment ₹5459,utilities
Subscription renewal Zoom amount 6281,software
Bought laptop for team 30499 from Airtel,equipment
Uber to client office 55142,travel
Uber to client office 36662,travel
Freelancer payment Swiggy ₹176646,contractors
Monthly subscription Jio 3032,software
Freelancer payment Zoom 2471,contractors
Uber to client office ₹39865,travel
Purchased equipment: office chair 192320 on 2025-11-18,equipment
Bought mouse for 10054 rupees from Swiggy,office supplies
Renewal: domain Amazon payment 2089,cloud hosting
Instagram ads charged 1456 for promotion on 2025-11-18,marketing
Ordered printer ink from Airtel costing 14155,office supplies
Bought monitor for 14808 rupees from Airtel,office supplies
Freelancer payment Zoom 175193,contractors
Paid Rs 9867 for Uber hosting,cloud hosting
Uber to client office 45235,travel
Bought pens for 9284 rupees from Ola,office supplies
Paid ₹5977 for Google hosting on 2025-11-18,cloud hosting
Paid Rs 38941 for GoDaddy hosting,cloud hosting
Bought monitor for ₹7642 rupees from Uber,office supplies
Subscription renewal Ola amount 12345 on 2025-11-18,software
Ola cab fare 9302 for commute,travel
Uber to client office 11707,travel
Paid 38125 for Adobe hosting,cloud hosting
Instagram ads charged ₹6418 for promotion,marketing
Electricity bill payment ₹3498,utilities
Uber to client office ₹50786,travel
Uber to client office 33984,travel
Flight ticket to conference 24866,travel
Renewal: domain Microsoft payment ₹717,cloud hosting
Flight ticket to conference 12362,travel
Instagram ads charged 7292 for promotion,marketing
Electricity bill payment 7859,utilities
Flight ticket to conference ₹19772,travel
Subscription renewal HP amount 1867,software
Consultant invoice paid 43998,contractors
Bought laptop for team ₹46581 from Uber,equipment
Ordered pens from Flipkart costing 13090,office supplies
Instagram ads charged ₹10890 for promotion,marketing
Ola cab fare ₹12197 for commute,travel
Paid 10301 for Dell hosting,cloud hosting
Purchased equipment: monitor 36191,equipment
Purchased equipment: keyboard 131499 on 2025-11-18,equipment
Paid 6651 for Facebook ads campaign,marketing
Electricity bill payment ₹8850,utilities
Bought laptop for 3018 rupees from Uber,office supplies
Bought laptop for Rs 12415 rupees from Google,office supplies
Purchased equipment: office chair ₹65373 on 2025-11-18,equipment
Consultant invoice paid ₹112597,contractors
Purchased equipment: pens ₹120555,equipment
Bought laptop for team 131876 from Swiggy,equipment
Consultant invoice paid ₹43174,contractors
Consultant invoice paid 4037,contractors
Ordered keyboard from Ola costing 4337,office supplies
Internet broadband recharge Zoom 12895,utilities
Freelancer payment Flipkart 112166,contractors
Paid 11692 for Facebook ads campaign,marketing
